,Completeness,Contamination
RS-all-SRF-0-8-5-00_bin-105,80.0,0.0
RS-all-SRF-20-180-00_bin-16,20.784313725490197,0.0
SPO-all-SRF-0-8-5-00_bin-190,66.66666666666666,1.1764705882352942
IO-all-DCM-0-8-5-00_bin-111,49.411764705882355,0.39215686274509803
IO-all-SRF-20-180-00_bin-43,35.68627450980392,0.0
MS-all-SRF-0-8-5-00_bin-318,49.80392156862745,1.1764705882352942
NAO-all-MES-0-8-5-00_bin-73,95.29411764705881,0.39215686274509803
SAO-all-SRF-20-180-00_bin-42,56.470588235294116,1.1764705882352942
SAO-all-DCM-0-8-5-00_bin-182,26.666666666666668,0.39215686274509803
NAO-all-SRF-0-8-5-00_bin-17,80.7843137254902,0.39215686274509803
SPO-SPSG-MIX-0-8-5-00_bin-132,81.96078431372548,0.39215686274509803
IO-all-SRF-5-20-00_bin-60,7.8431372549019605,0.0
SPO-SPSG-SRF-5-20-00_bin-72,15.294117647058824,0.0
SPO-CHIL-DCM-0-8-5-00_bin-39,29.411764705882355,0.0
MS-all-DCM-0-8-5-00_bin-224,78.82352941176471,0.7843137254901961
SPO-all-SRF-0-8-5-00_bin-844,6.2745098039215685,0.39215686274509803
NPO-all-SRF-180-2000-00_bin-49,22.35294117647059,0.0
MS-all-SRF-20-180-00_bin-80,23.137254901960784,0.0
MS-all-DCM-20-180-00_bin-84,7.8431372549019605,0.0
SPO-all-SRF-0-8-5-00_bin-587,1.1764705882352942,0.0
MS-all-DCM-0-8-5-00_bin-636,67.45098039215686,0.39215686274509803
SPO-all-SRF-5-20-00_bin-108,81.96078431372548,0.0
SPO-SPSG-DCM-0-8-5-00_bin-172,84.31372549019608,0.0
SPO-SPSG-SRF-20-180-00_bin-127,3.9215686274509802,0.0
SPO-SPSG-SRF-0-8-5-00_bin-560,60.0,0.0
SPO-PEOD-MES-0-8-5-00_bin-1,81.96078431372548,0.0
SPO-all-SRF-0-8-5-00_bin-807,10.196078431372548,1.1764705882352942
RS-all-SRF-20-180-00_bin-21,14.901960784313726,0.0
SPO-all-SRF-20-180-00_bin-54,0.7843137254901961,0.0
SPO-all-SRF-0-8-5-00_bin-148,51.37254901960784,0.7843137254901961
SPO-SPSG-SRF-0-8-5-00_bin-329,47.45098039215686,2.7450980392156863
SAO-all-DCM-0-8-5-00_bin-433,6.666666666666667,1.9607843137254901
SO-all-DCM-0-8-5-00_bin-41,21.96078431372549,0.39215686274509803
SPO-SPSG-SRF-20-180-00_bin-115,44.70588235294118,1.5686274509803921
IO-all-SRF-0-8-5-00_bin-312,20.0,0.39215686274509803
NAO-all-SRF-0-8-5-00_bin-127,23.137254901960784,0.7843137254901961
SAO-all-SRF-0-8-5-00_bin-59,71.37254901960785,1.1764705882352942
SPO-all-SRF-20-180-00_bin-12,0.39215686274509803,0.0
NAO-all-SRF-180-2000-00_bin-89,1.9607843137254901,0.0
SPO-PEOD-SRF-20-180-00_bin-32,61.568627450980394,0.7843137254901961
SPO-all-SRF-20-180-00_bin-78,5.490196078431373,0.0
IO-all-SRF-20-180-00_bin-10,3.5294117647058822,0.0
SPO-all-SRF-5-20-00_bin-120,49.411764705882355,0.39215686274509803
SPO-SPSG-SRF-20-180-00_bin-68,18.43137254901961,0.0
NAO-all-MIX-0-8-5-00_bin-192,27.84313725490196,0.0
MS-all-SRF-5-20-00_bin-56,55.68627450980392,1.5686274509803921
IO-all-SRF-5-20-00_bin-121,65.88235294117646,0.7843137254901961
SAO-all-DCM-0-8-5-00_bin-207,14.901960784313726,0.0
SPO-SPSG-SRF-5-20-00_bin-127,9.803921568627452,0.0
NPO-all-DCM-20-180-00_bin-33,26.27450980392157,0.39215686274509803
NAO-all-MIX-180-2000-00_bin-9,6.666666666666667,0.0
SAO-all-MES-0-8-5-00_bin-166,1.1764705882352942,0.0
SPO-SPSG-SRF-20-180-00_bin-188,0.39215686274509803,0.0
MS-all-DCM-20-180-00_bin-15,61.1764705882353,0.39215686274509803
SPO-SPSG-SRF-180-2000-00_bin-98,0.0,0.0
SAO-all-SRF-0-8-5-00_bin-32,25.49019607843137,0.0
MS-all-DCM-0-8-5-00_bin-676,9.411764705882353,0.0
NPO-all-SRF-180-2000-00_bin-33,29.411764705882355,0.0
SPO-all-SRF-0-8-5-00_bin-93,0.0,0.0
SAO-all-SRF-0-8-5-00_bin-325,79.2156862745098,2.3529411764705883
SPO-PEOD-DCM-0-8-5-00_bin-80,75.29411764705883,0.7843137254901961
NAO-all-SRF-0-8-5-00_bin-120,9.803921568627452,0.0
SPO-all-SRF-180-2000-00_bin-112,0.0,0.0
SAO-all-DCM-0-8-5-00_bin-447,0.39215686274509803,0.0
NAO-all-SRF-20-180-00_bin-40,6.2745098039215685,0.0
NAO-all-MIX-20-180-00_bin-17,0.0,0.0
NAO-all-MIX-0-8-5-00_bin-204,54.90196078431373,0.7843137254901961
SPO-all-SRF-0-8-5-00_bin-508,56.07843137254902,0.0
SPO-SPSG-SRF-180-2000-00_bin-164,8.627450980392156,0.0
MS-all-SRF-20-180-00_bin-18,15.294117647058824,0.0
MS-all-SRF-0-8-5-00_bin-161,54.11764705882353,1.1764705882352942
SPO-all-SRF-20-180-00_bin-202,57.25490196078431,0.39215686274509803
SPO-SPSG-MIX-0-8-5-00_bin-106,58.43137254901961,0.0
IO-all-SRF-180-2000-00_bin-56,6.2745098039215685,0.0
SPO-SPSG-SRF-180-2000-00_bin-57,0.0,0.0
NAO-all-MIX-0-8-5-00_bin-258,49.411764705882355,0.7843137254901961
SPO-PEOD-SRF-20-180-00_bin-18,1.1764705882352942,0.0
NAO-all-SRF-180-2000-00_bin-100,0.7843137254901961,0.0
SPO-all-SRF-0-8-5-00_bin-318,51.76470588235295,0.39215686274509803
SO-all-SRF-0-8-5-00_bin-63,65.88235294117646,0.0
SAO-all-SRF-20-180-00_bin-19,14.117647058823529,0.0
MS-all-DCM-0-8-5-00_bin-273,23.92156862745098,0.0
MS-all-SRF-0-8-5-00_bin-425,34.11764705882353,0.39215686274509803
SPO-all-SRF-180-2000-00_bin-69,27.058823529411764,0.0
IO-all-DCM-0-8-5-00_bin-325,31.76470588235294,0.0
MS-all-DCM-5-20-00_bin-7,7.8431372549019605,0.0
SPO-PEOD-SRF-20-180-00_bin-25,0.7843137254901961,0.0
NAO-all-SRF-180-2000-00_bin-59,1.5686274509803921,0.0
RS-all-SRF-0-8-5-00_bin-39,83.13725490196079,0.0
SAO-all-DCM-180-2000-00_bin-24,22.35294117647059,0.7843137254901961
SPO-all-SRF-180-2000-00_bin-17,41.568627450980394,0.0
NAO-all-MIX-0-8-5-00_bin-275,34.90196078431372,1.5686274509803921
SAO-all-SRF-20-180-00_bin-80,2.3529411764705883,0.0
SAO-all-SRF-0-8-5-00_bin-628,28.235294117647058,0.39215686274509803
NAO-all-MIX-0-8-5-00_bin-238,3.5294117647058822,0.0
SPO-SPSG-SRF-20-180-00_bin-100,50.19607843137255,0.0
IO-all-SRF-0-8-5-00_bin-341,49.01960784313725,0.39215686274509803
SPO-PEOD-SRF-20-180-00_bin-45,7.450980392156863,0.0
SPO-all-SRF-20-180-00_bin-173,36.07843137254902,0.0
NAO-all-DCM-20-180-00_bin-19,0.0,0.0
NAO-all-DCM-0-8-5-00_bin-160,82.35294117647058,0.7843137254901961
NAO-all-MIX-0-8-5-00_bin-279,42.745098039215684,1.1764705882352942
NPO-all-DCM-0-8-5-00_bin-249,77.25490196078432,0.39215686274509803
MS-all-DCM-20-180-00_bin-25,65.88235294117646,0.7843137254901961
SPO-SPSG-SRF-0-8-5-00_bin-296,15.686274509803921,0.0
SO-all-DCM-0-8-5-00_bin-34,28.235294117647058,0.0
SAO-all-SRF-20-180-00_bin-69,9.411764705882353,0.39215686274509803
SO-all-SRF-5-20-00_bin-55,1.9607843137254901,0.0
SAO-all-SRF-5-20-00_bin-16,94.50980392156862,0.0
IO-all-SRF-20-180-00_bin-66,10.196078431372548,0.39215686274509803
SPO-all-SRF-180-2000-00_bin-68,16.470588235294116,0.39215686274509803
SPO-all-SRF-20-180-00_bin-225,23.137254901960784,0.0
NAO-all-SRF-0-8-5-00_bin-550,62.35294117647059,1.5686274509803921
MS-all-DCM-5-20-00_bin-24,2.3529411764705883,0.0
SPO-all-SRF-20-180-00_bin-167,4.705882352941177,0.0
SPO-SPSG-SRF-0-8-5-00_bin-234,67.45098039215686,0.7843137254901961
MS-all-DCM-0-8-5-00_bin-290,6.666666666666667,0.0
MS-all-SRF-0-8-5-00_bin-93,78.82352941176471,0.0
SPO-SPSG-SRF-20-180-00_bin-129,3.5294117647058822,0.0
SPO-all-SRF-20-180-00_bin-172,49.80392156862745,0.39215686274509803
MS-all-SRF-0-8-5-00_bin-310,47.05882352941176,2.3529411764705883
MS-all-DCM-180-2000-00_bin-18,18.43137254901961,0.0
SPO-CHIL-MES-0-8-5-00_bin-26,15.686274509803921,0.0
NAO-all-MES-0-8-5-00_bin-372,97.6470588235294,0.0
NAO-all-MIX-20-180-00_bin-37,0.0,0.0
NPO-all-DCM-0-8-5-00_bin-38,10.980392156862745,0.0
SAO-all-DCM-180-2000-00_bin-10,23.52941176470588,1.1764705882352942
SPO-all-SRF-20-180-00_bin-105,2.7450980392156863,0.0
MS-all-SRF-5-20-00_bin-93,66.66666666666666,0.39215686274509803
MS-all-DCM-0-8-5-00_bin-322,41.568627450980394,0.39215686274509803
NPO-all-SRF-0-8-5-00_bin-284,81.56862745098039,1.1764705882352942
SAO-all-SRF-20-180-00_bin-2,4.313725490196078,0.0
MS-all-DCM-20-180-00_bin-41,50.588235294117645,0.39215686274509803
RS-all-SRF-20-180-00_bin-20,25.49019607843137,0.0
SAO-all-DCM-0-8-5-00_bin-440,6.666666666666667,0.0
SPO-all-SRF-0-8-5-00_bin-838,6.2745098039215685,0.0
IO-all-DCM-0-8-5-00_bin-323,90.98039215686275,0.0
NPO-all-DCM-20-180-00_bin-38,10.980392156862745,0.0
NAO-all-MIX-0-8-5-00_bin-144,55.68627450980392,0.39215686274509803
SPO-CHIL-SRF-0-8-5-00_bin-122,76.07843137254902,0.0
NAO-all-SRF-0-8-5-00_bin-253,71.76470588235294,0.7843137254901961
SAO-all-SRF-0-8-5-00_bin-34,67.05882352941175,1.5686274509803921
NPO-all-DCM-20-180-00_bin-29,21.96078431372549,0.0
SPO-SPSG-SRF-20-180-00_bin-62,76.47058823529412,0.0
SPO-all-SRF-20-180-00_bin-52,3.5294117647058822,0.0
SPO-all-DCM-0-8-5-00_bin-275,83.13725490196079,0.39215686274509803
NPO-all-SRF-0-8-5-00_bin-209,37.64705882352941,0.7843137254901961
SAO-all-DCM-0-8-5-00_bin-540,74.11764705882354,0.7843137254901961
SAO-all-SRF-0-8-5-00_bin-559,27.450980392156865,0.0
MS-all-SRF-20-180-00_bin-27,67.84313725490196,0.7843137254901961
SAO-all-DCM-20-180-00_bin-13,8.235294117647058,0.0
IO-all-SRF-20-180-00_bin-97,25.882352941176475,0.0
NPO-all-SRF-0-8-5-00_bin-646,43.92156862745098,0.7843137254901961
SPO-all-SRF-5-20-00_bin-113,0.0,0.0
SPO-SPSG-SRF-20-180-00_bin-65,0.0,0.0
IO-all-SRF-0-8-5-00_bin-100,14.117647058823529,0.0
NAO-all-SRF-180-2000-00_bin-81,20.392156862745097,0.0
IO-all-DCM-0-8-5-00_bin-36,16.862745098039216,0.39215686274509803
SPO-PEOD-DCM-180-2000-00_bin-9,0.7843137254901961,0.0
SAO-all-MES-0-8-5-00_bin-71,91.37254901960785,0.0
NAO-all-MIX-180-2000-00_bin-12,5.88235294117647,0.0
NAO-all-DCM-20-180-00_bin-1,7.0588235294117645,0.0
SPO-CHIL-SRF-20-180-00_bin-16,36.470588235294116,1.1764705882352942
SPO-SPSG-SRF-180-2000-00_bin-16,0.7843137254901961,0.0
SPO-all-SRF-20-180-00_bin-151,3.9215686274509802,0.0
SAO-all-DCM-0-8-5-00_bin-481,73.72549019607844,1.5686274509803921
SO-all-SRF-5-20-00_bin-34,0.39215686274509803,0.0
SAO-all-DCM-0-8-5-00_bin-245,60.3921568627451,0.0
SPO-all-SRF-20-180-00_bin-23,39.6078431372549,0.39215686274509803
MS-all-DCM-0-8-5-00_bin-442,28.235294117647058,0.0
SPO-all-SRF-20-180-00_bin-120,48.627450980392155,0.39215686274509803
IO-all-SRF-0-8-5-00_bin-484,18.43137254901961,0.39215686274509803
SPO-SPSG-SRF-20-180-00_bin-182,3.1372549019607843,0.0
NAO-all-SRF-0-8-5-00_bin-316,70.98039215686275,1.5686274509803921
SPO-all-DCM-0-8-5-00_bin-575,98.4313725490196,0.0
SPO-all-SRF-20-180-00_bin-40,27.84313725490196,0.7843137254901961
SAO-all-DCM-0-8-5-00_bin-517,64.31372549019608,0.39215686274509803
IO-all-SRF-0-8-5-00_bin-251,26.27450980392157,0.39215686274509803
SO-all-DCM-0-8-5-00_bin-36,51.37254901960784,0.0
SPO-SPSG-SRF-20-180-00_bin-113,55.68627450980392,0.39215686274509803
SAO-all-SRF-0-8-5-00_bin-75,19.607843137254903,0.0
NPO-all-SRF-20-180-00_bin-73,71.76470588235294,0.0
SAO-all-DCM-0-8-5-00_bin-539,68.62745098039215,0.0
IO-all-SRF-0-8-5-00_bin-34,28.627450980392155,0.7843137254901961
NAO-all-SRF-180-2000-00_bin-24,60.0,0.7843137254901961
NPO-all-SRF-0-8-5-00_bin-450,17.254901960784313,0.0
NPO-all-DCM-5-20-00_bin-42,72.54901960784314,0.0
SAO-all-SRF-0-8-5-00_bin-333,70.58823529411765,0.0
SPO-SPSG-DCM-0-8-5-00_bin-224,98.0392156862745,0.0
NAO-all-MIX-20-180-00_bin-20,27.450980392156865,0.0
SAO-all-DCM-0-8-5-00_bin-218,62.745098039215684,0.7843137254901961
SAO-all-SRF-0-8-5-00_bin-484,81.56862745098039,0.7843137254901961
NPO-all-DCM-20-180-00_bin-34,28.627450980392155,0.39215686274509803
SPO-SPSG-SRF-20-180-00_bin-130,0.0,0.0
SPO-SPSG-SRF-20-180-00_bin-71,69.41176470588235,1.1764705882352942
NAO-all-DCM-20-180-00_bin-2,34.90196078431372,0.7843137254901961
IO-all-DCM-20-180-00_bin-105,21.568627450980394,0.0
NAO-all-MIX-20-180-00_bin-35,46.27450980392157,0.0
IO-all-DCM-0-8-5-00_bin-147,21.176470588235293,0.39215686274509803
RS-all-SRF-0-8-5-00_bin-83,67.45098039215686,0.0
IO-all-DCM-0-8-5-00_bin-344,80.0,0.7843137254901961
MS-all-DCM-0-8-5-00_bin-318,37.254901960784316,0.39215686274509803
NAO-all-SRF-0-8-5-00_bin-231,66.66666666666666,0.39215686274509803
SPO-SPSG-SRF-0-8-5-00_bin-673,85.88235294117646,0.0
SO-all-SRF-0-8-5-00_bin-110,72.54901960784314,0.0
SPO-all-DCM-0-8-5-00_bin-206,2.7450980392156863,0.0
SPO-PEOD-SRF-20-180-00_bin-12,34.11764705882353,0.39215686274509803
SPO-all-SRF-0-8-5-00_bin-460,78.03921568627452,0.39215686274509803
SPO-SPSG-SRF-0-8-5-00_bin-207,67.84313725490196,0.0
NPO-all-SRF-20-180-00_bin-78,12.549019607843137,0.39215686274509803
NAO-all-SRF-20-180-00_bin-85,5.098039215686274,0.0
RS-all-SRF-20-180-00_bin-1,14.50980392156863,0.0
NAO-all-MES-0-8-5-00_bin-290,23.137254901960784,0.0
MS-all-DCM-0-8-5-00_bin-612,25.882352941176475,0.0
NPO-all-SRF-0-8-5-00_bin-146,61.568627450980394,0.39215686274509803
NAO-all-SRF-180-2000-00_bin-94,2.7450980392156863,0.0
SPO-all-SRF-0-8-5-00_bin-505,35.294117647058826,0.0
SPO-SPSG-SRF-0-8-5-00_bin-82,65.09803921568627,0.39215686274509803
NPO-all-SRF-20-180-00_bin-86,60.0,0.7843137254901961
RS-all-SRF-20-180-00_bin-10,28.235294117647058,0.39215686274509803
SPO-SPSG-SRF-0-8-5-00_bin-672,26.666666666666668,0.0
MS-all-SRF-20-180-00_bin-81,17.647058823529413,0.0
SPO-all-SRF-0-8-5-00_bin-986,81.96078431372548,0.0
IO-all-DCM-20-180-00_bin-84,85.88235294117646,0.39215686274509803
IO-all-SRF-180-2000-00_bin-58,44.31372549019608,0.0
IO-all-SRF-5-20-00_bin-101,1.9607843137254901,0.0
SPO-all-SRF-0-8-5-00_bin-496,9.803921568627452,0.0
SPO-all-SRF-20-180-00_bin-160,9.019607843137255,0.0
NAO-all-SRF-20-180-00_bin-67,8.627450980392156,0.0
MS-all-SRF-20-180-00_bin-58,55.294117647058826,0.7843137254901961
SPO-all-SRF-5-20-00_bin-223,0.39215686274509803,0.0
MS-all-SRF-0-8-5-00_bin-677,18.823529411764707,0.7843137254901961
NAO-all-SRF-0-8-5-00_bin-662,80.7843137254902,0.7843137254901961
NAO-all-MIX-0-8-5-00_bin-130,1.9607843137254901,0.0
NPO-all-DCM-20-180-00_bin-60,40.3921568627451,0.0
NAO-all-DCM-5-20-00_bin-6,35.68627450980392,0.39215686274509803
NPO-all-SRF-0-8-5-00_bin-575,43.529411764705884,4.313725490196078
NAO-all-MIX-20-180-00_bin-28,44.31372549019608,1.1764705882352942
SPO-all-SRF-0-8-5-00_bin-226,71.76470588235294,3.5294117647058822
MS-all-SRF-180-2000-00_bin-53,3.1372549019607843,0.0
SAO-all-SRF-20-180-00_bin-53,14.50980392156863,0.0
MS-all-SRF-20-180-00_bin-70,40.0,0.39215686274509803
NAO-all-MIX-0-8-5-00_bin-161,86.27450980392157,0.0
MS-all-SRF-0-8-5-00_bin-172,53.72549019607843,0.7843137254901961
SAO-all-DCM-0-8-5-00_bin-191,21.96078431372549,0.0
SAO-all-SRF-0-8-5-00_bin-611,28.235294117647058,0.0
NAO-all-DCM-0-8-5-00_bin-171,70.58823529411765,0.7843137254901961
NAO-all-MIX-20-180-00_bin-13,47.84313725490196,0.0
IO-all-SRF-0-8-5-00_bin-250,81.96078431372548,0.39215686274509803
MS-all-DCM-20-180-00_bin-3,14.50980392156863,0.0
IO-all-SRF-20-180-00_bin-23,2.3529411764705883,0.0
SPO-CHIL-SRF-20-180-00_bin-8,16.862745098039216,0.0
MS-all-SRF-0-8-5-00_bin-198,74.50980392156863,2.7450980392156863
SAO-all-SRF-180-2000-00_bin-9,11.372549019607844,0.0
NAO-all-SRF-180-2000-00_bin-22,11.76470588235294,0.0
SPO-SPSG-SRF-5-20-00_bin-80,16.07843137254902,0.39215686274509803
NPO-all-SRF-0-8-5-00_bin-407,87.84313725490196,0.0
SAO-all-SRF-180-2000-00_bin-47,19.215686274509807,0.0
NAO-all-SRF-5-20-00_bin-31,16.862745098039216,0.0
SAO-all-SRF-180-2000-00_bin-31,34.11764705882353,0.0
NAO-all-SRF-0-8-5-00_bin-23,36.470588235294116,0.7843137254901961
SPO-all-SRF-20-180-00_bin-86,2.3529411764705883,0.0
SAO-all-SRF-20-180-00_bin-78,30.980392156862745,0.0
NAO-all-SRF-0-8-5-00_bin-300,35.68627450980392,1.1764705882352942
SPO-all-SRF-20-180-00_bin-158,7.8431372549019605,0.0
NPO-all-DCM-20-180-00_bin-26,18.823529411764707,0.0
NAO-all-SRF-20-180-00_bin-15,19.215686274509807,0.39215686274509803
SAO-all-DCM-0-8-5-00_bin-37,6.666666666666667,2.7450980392156863
NAO-all-SRF-20-180-00_bin-41,1.5686274509803921,0.0
SO-all-DCM-0-8-5-00_bin-52,43.13725490196079,0.0
SPO-all-SRF-0-8-5-00_bin-880,53.72549019607843,1.9607843137254901
NAO-all-DCM-20-180-00_bin-20,10.196078431372548,0.0
SPO-all-SRF-20-180-00_bin-21,10.196078431372548,0.0
IO-all-SRF-5-20-00_bin-71,64.70588235294117,9.411764705882353
SPO-SPSG-SRF-180-2000-00_bin-69,0.0,0.0
SAO-all-DCM-0-8-5-00_bin-253,31.372549019607842,0.0
SAO-all-DCM-0-8-5-00_bin-271,56.86274509803921,0.0
NPO-all-SRF-0-8-5-00_bin-455,71.37254901960785,13.333333333333334
NAO-all-SRF-180-2000-00_bin-57,0.7843137254901961,0.39215686274509803
SPO-all-SRF-20-180-00_bin-268,5.490196078431373,0.0
RS-all-DCM-0-8-5-00_bin-46,55.68627450980392,0.0
SAO-all-DCM-20-180-00_bin-16,19.215686274509807,0.0
MS-all-DCM-180-2000-00_bin-14,1.9607843137254901,0.0
NPO-all-DCM-20-180-00_bin-2,0.0,0.0
SAO-all-SRF-20-180-00_bin-21,5.490196078431373,0.0
SPO-PEOD-DCM-180-2000-00_bin-7,0.0,0.0
MS-all-DCM-5-20-00_bin-19,54.11764705882353,0.7843137254901961
IO-all-SRF-0-8-5-00_bin-290,56.470588235294116,0.39215686274509803
SAO-all-SRF-5-20-00_bin-29,0.39215686274509803,0.0
SPO-all-SRF-5-20-00_bin-182,27.058823529411764,0.39215686274509803
MS-all-SRF-0-8-5-00_bin-580,17.254901960784313,0.0
IO-all-SRF-0-8-5-00_bin-548,75.29411764705883,0.7843137254901961
NPO-all-DCM-20-180-00_bin-13,2.3529411764705883,0.0
SPO-SPSG-SRF-0-8-5-00_bin-374,25.098039215686274,0.0
IO-all-SRF-0-8-5-00_bin-210,10.980392156862745,0.0
NPO-all-DCM-0-8-5-00_bin-211,46.666666666666664,0.0
MS-all-SRF-20-180-00_bin-6,31.76470588235294,0.39215686274509803
IO-all-SRF-0-8-5-00_bin-302,8.235294117647058,0.0
SPO-all-SRF-0-8-5-00_bin-305,9.803921568627452,0.0
IO-all-SRF-0-8-5-00_bin-141,68.23529411764706,3.9215686274509802
SAO-all-DCM-0-8-5-00_bin-418,44.70588235294118,0.7843137254901961
IO-all-FSW-0-8-5-00_bin-66,33.72549019607843,0.0
SPO-all-SRF-5-20-00_bin-1,25.882352941176475,0.0
IO-all-SRF-0-8-5-00_bin-21,53.72549019607843,0.0
SAO-all-SRF-0-8-5-00_bin-42,21.176470588235293,0.0
SPO-SPSG-SRF-20-180-00_bin-94,2.7450980392156863,0.0
MS-all-SRF-20-180-00_bin-44,52.156862745098046,0.7843137254901961
SO-all-DCM-180-2000-00_bin-1,1.1764705882352942,0.0
SAO-all-MES-0-8-5-00_bin-141,0.0,0.0
NAO-all-SRF-20-180-00_bin-82,15.686274509803921,0.0
NAO-all-SRF-5-20-00_bin-3,44.70588235294118,0.39215686274509803
MS-all-DCM-0-8-5-00_bin-10,19.607843137254903,0.7843137254901961
IO-all-SRF-0-8-5-00_bin-504,20.392156862745097,0.39215686274509803
MS-all-SRF-0-8-5-00_bin-405,70.98039215686275,27.058823529411764
IO-all-SRF-20-180-00_bin-79,3.5294117647058822,0.0
NPO-all-SRF-20-180-00_bin-72,49.411764705882355,0.39215686274509803
NPO-all-DCM-0-8-5-00_bin-310,58.82352941176471,0.0
RS-all-SRF-0-8-5-00_bin-17,79.6078431372549,0.39215686274509803
IO-all-SRF-0-8-5-00_bin-336,27.450980392156865,0.39215686274509803
IO-all-SRF-20-180-00_bin-36,71.76470588235294,0.7843137254901961
SPO-PEOD-SRF-0-8-5-00_bin-91,87.45098039215686,0.0
IO-all-DCM-0-8-5-00_bin-120,74.90196078431373,0.39215686274509803
NPO-all-SRF-180-2000-00_bin-22,0.0,0.0
NPO-all-SRF-0-8-5-00_bin-556,65.49019607843137,0.39215686274509803
MS-all-SRF-180-2000-00_bin-26,1.5686274509803921,0.0
IO-all-SRF-0-8-5-00_bin-348,80.0,3.5294117647058822
SPO-all-DCM-180-2000-00_bin-31,0.39215686274509803,0.0
NPO-all-SRF-180-2000-00_bin-25,34.11764705882353,0.0
SPO-SPSG-SRF-180-2000-00_bin-35,0.7843137254901961,0.0
SPO-all-SRF-0-8-5-00_bin-775,59.6078431372549,0.39215686274509803
SPO-all-SRF-20-180-00_bin-171,20.784313725490197,0.0
MS-all-SRF-0-8-5-00_bin-630,3.5294117647058822,0.0
SPO-SPSG-SRF-20-180-00_bin-52,8.235294117647058,0.0
NAO-all-SRF-20-180-00_bin-42,75.68627450980392,0.7843137254901961
MS-all-DCM-0-8-5-00_bin-320,63.52941176470588,0.0
NAO-all-MIX-0-8-5-00_bin-168,38.43137254901961,0.0
SAO-all-SRF-0-8-5-00_bin-538,73.72549019607844,0.7843137254901961
NAO-all-SRF-0-8-5-00_bin-419,26.27450980392157,0.39215686274509803
SPO-SPSG-SRF-180-2000-00_bin-10,45.490196078431374,0.39215686274509803
SO-all-SRF-0-8-5-00_bin-4,19.215686274509807,0.39215686274509803
NPO-all-SRF-0-8-5-00_bin-490,56.470588235294116,1.5686274509803921
RS-all-SRF-20-180-00_bin-29,1.9607843137254901,0.0
SPO-all-SRF-0-8-5-00_bin-1039,0.7843137254901961,0.0
SPO-SPSG-DCM-0-8-5-00_bin-173,74.90196078431373,0.0
MS-all-SRF-0-8-5-00_bin-542,70.19607843137254,0.39215686274509803
IO-all-DCM-20-180-00_bin-62,34.11764705882353,0.39215686274509803
SPO-all-SRF-20-180-00_bin-188,27.450980392156865,0.39215686274509803
SPO-PEOD-DCM-20-180-00_bin-9,10.196078431372548,0.0
IO-all-SRF-20-180-00_bin-38,2.7450980392156863,0.0
RS-all-SRF-0-8-5-00_bin-32,15.294117647058824,0.0
IO-all-SRF-180-2000-00_bin-30,40.78431372549019,0.0
NPO-all-SRF-180-2000-00_bin-24,6.2745098039215685,0.0
NAO-all-DCM-0-8-5-00_bin-110,78.43137254901961,0.0
NPO-all-DCM-20-180-00_bin-73,32.15686274509804,0.39215686274509803
SAO-all-SRF-20-180-00_bin-36,49.80392156862745,0.39215686274509803
SAO-all-DCM-20-180-00_bin-11,56.07843137254902,0.7843137254901961
SPO-all-SRF-20-180-00_bin-132,1.1764705882352942,0.0
SPO-all-SRF-5-20-00_bin-57,0.0,0.0
SPO-SPSG-SRF-20-180-00_bin-78,5.490196078431373,0.0
NAO-all-SRF-0-8-5-00_bin-8,10.588235294117647,0.0
SPO-all-SRF-0-8-5-00_bin-931,80.0,0.0
MS-all-DCM-0-8-5-00_bin-256,80.7843137254902,0.0
SAO-all-DCM-0-8-5-00_bin-248,87.45098039215686,26.666666666666668
NAO-all-DCM-20-180-00_bin-25,50.19607843137255,0.7843137254901961
SPO-SPSG-SRF-20-180-00_bin-81,19.607843137254903,0.0
NAO-all-SRF-0-8-5-00_bin-572,29.01960784313726,0.39215686274509803
IO-all-SRF-20-180-00_bin-89,20.784313725490197,0.0
SPO-CHIL-SRF-180-2000-00_bin-21,0.7843137254901961,0.0
NAO-all-MIX-20-180-00_bin-24,9.803921568627452,0.0
NAO-all-SRF-0-8-5-00_bin-411,9.803921568627452,1.1764705882352942
SAO-all-DCM-180-2000-00_bin-12,34.509803921568626,0.39215686274509803
SPO-SPSG-SRF-20-180-00_bin-99,8.235294117647058,0.0
SPO-all-SRF-20-180-00_bin-119,0.0,0.0
NPO-all-SRF-20-180-00_bin-46,3.1372549019607843,0.0
IO-all-SRF-0-8-5-00_bin-256,52.94117647058824,2.3529411764705883
IO-all-SRF-5-20-00_bin-49,9.019607843137255,0.39215686274509803
MS-all-SRF-20-180-00_bin-99,2.7450980392156863,0.0
MS-all-SRF-180-2000-00_bin-8,60.78431372549019,1.1764705882352942
SPO-all-SRF-0-8-5-00_bin-499,75.68627450980392,18.823529411764707
NPO-all-SRF-20-180-00_bin-32,7.450980392156863,0.0
SAO-all-SRF-0-8-5-00_bin-590,63.921568627450974,2.7450980392156863
MS-all-SRF-20-180-00_bin-94,2.7450980392156863,0.0
NAO-all-SRF-0-8-5-00_bin-366,44.31372549019608,0.39215686274509803
SPO-all-SRF-20-180-00_bin-84,1.1764705882352942,0.0
NAO-all-DCM-20-180-00_bin-23,40.0,1.1764705882352942
IO-all-SRF-180-2000-00_bin-7,92.54901960784314,1.1764705882352942
NAO-all-SRF-0-8-5-00_bin-273,77.25490196078432,0.7843137254901961
IO-all-SRF-180-2000-00_bin-40,7.0588235294117645,0.0
SPO-SPSG-SRF-0-8-5-00_bin-565,32.94117647058823,0.39215686274509803
SPO-all-SRF-20-180-00_bin-13,2.7450980392156863,0.0
NPO-all-DCM-0-8-5-00_bin-431,55.294117647058826,0.39215686274509803
NPO-all-SRF-0-8-5-00_bin-249,75.68627450980392,0.7843137254901961
SAO-all-SRF-5-20-00_bin-23,0.0,0.0
SO-all-DCM-180-2000-00_bin-6,17.254901960784313,0.0
IO-all-SRF-5-20-00_bin-74,0.39215686274509803,0.0
NAO-all-DCM-0-8-5-00_bin-69,70.19607843137254,0.0
SPO-all-SRF-20-180-00_bin-177,28.235294117647058,0.39215686274509803
SPO-all-SRF-0-8-5-00_bin-25,66.66666666666666,0.39215686274509803
NPO-all-SRF-0-8-5-00_bin-126,47.84313725490196,0.39215686274509803
SO-all-SRF-20-180-00_bin-21,5.490196078431373,0.0
NPO-all-SRF-20-180-00_bin-81,1.5686274509803921,0.0
IO-all-SRF-0-8-5-00_bin-105,45.88235294117647,1.1764705882352942
IO-all-SRF-0-8-5-00_bin-307,10.196078431372548,0.0
SPO-all-SRF-20-180-00_bin-111,7.450980392156863,0.0
SPO-all-DCM-0-8-5-00_bin-251,10.980392156862745,0.0
SPO-CHIL-SRF-180-2000-00_bin-2,78.43137254901961,1.5686274509803921
MS-all-SRF-0-8-5-00_bin-263,54.11764705882353,0.39215686274509803
SPO-all-SRF-180-2000-00_bin-146,53.333333333333336,2.3529411764705883
RS-all-SRF-0-8-5-00_bin-7,67.45098039215686,1.9607843137254901
MS-all-SRF-0-8-5-00_bin-333,15.294117647058824,0.0
SPO-all-SRF-0-8-5-00_bin-102,17.647058823529413,0.0
SPO-all-SRF-20-180-00_bin-190,16.862745098039216,0.7843137254901961
SPO-PEOD-SRF-20-180-00_bin-1,1.5686274509803921,0.0
SPO-SPSG-SRF-5-20-00_bin-49,0.7843137254901961,0.0
IO-all-SRF-5-20-00_bin-128,7.8431372549019605,0.7843137254901961
SPO-all-SRF-0-8-5-00_bin-975,30.19607843137255,0.0
IO-all-SRF-20-180-00_bin-128,5.098039215686274,0.0
NPO-all-DCM-20-180-00_bin-47,0.7843137254901961,0.0
SAO-all-DCM-0-8-5-00_bin-181,59.21568627450981,1.1764705882352942
IO-all-DCM-5-20-00_bin-2,0.7843137254901961,0.0
SPO-SPSG-SRF-20-180-00_bin-96,10.196078431372548,0.0
MS-all-SRF-180-2000-00_bin-111,3.5294117647058822,0.0
NPO-all-SRF-5-20-00_bin-19,25.49019607843137,0.0
SPO-all-SRF-180-2000-00_bin-23,10.980392156862745,0.0
SPO-all-SRF-180-2000-00_bin-214,39.21568627450981,0.7843137254901961
NPO-all-SRF-0-8-5-00_bin-113,42.35294117647059,0.39215686274509803
IO-all-SRF-0-8-5-00_bin-538,81.96078431372548,0.39215686274509803
SPO-all-DCM-0-8-5-00_bin-527,54.509803921568626,1.1764705882352942
SAO-all-SRF-0-8-5-00_bin-366,45.490196078431374,0.39215686274509803
MS-all-DCM-0-8-5-00_bin-257,12.941176470588237,0.0
IO-all-SRF-20-180-00_bin-53,19.215686274509807,0.39215686274509803
IO-all-DCM-20-180-00_bin-97,22.745098039215687,0.0
SPO-CHIL-SRF-0-8-5-00_bin-249,79.2156862745098,0.0
SAO-all-SRF-0-8-5-00_bin-459,49.01960784313725,0.39215686274509803
NPO-all-DCM-0-8-5-00_bin-17,40.78431372549019,1.5686274509803921
NAO-all-SRF-0-8-5-00_bin-507,79.2156862745098,0.39215686274509803
SAO-all-SRF-0-8-5-00_bin-327,1.1764705882352942,0.0
SAO-all-SRF-0-8-5-00_bin-618,12.549019607843137,0.0
NPO-all-SRF-5-20-00_bin-47,10.588235294117647,0.0
SPO-SPSG-SRF-0-8-5-00_bin-66,1.9607843137254901,0.0
NPO-all-SRF-180-2000-00_bin-13,6.666666666666667,0.0
NPO-all-SRF-20-180-00_bin-43,9.019607843137255,0.0
SO-all-SRF-20-180-00_bin-23,17.254901960784313,0.0
NPO-all-SRF-20-180-00_bin-25,59.6078431372549,0.39215686274509803
NPO-all-DCM-20-180-00_bin-74,10.196078431372548,0.0
NAO-all-SRF-0-8-5-00_bin-142,63.921568627450974,0.39215686274509803
SO-all-SRF-0-8-5-00_bin-20,37.64705882352941,0.0
SAO-all-SRF-0-8-5-00_bin-266,56.470588235294116,0.39215686274509803
SAO-all-DCM-0-8-5-00_bin-320,45.490196078431374,1.5686274509803921
NPO-all-SRF-0-8-5-00_bin-329,25.098039215686274,0.0
SO-all-DCM-180-2000-00_bin-17,0.7843137254901961,0.0
SPO-all-SRF-20-180-00_bin-16,15.686274509803921,0.0
SPO-SPSG-SRF-180-2000-00_bin-187,16.470588235294116,0.39215686274509803
MS-all-SRF-0-8-5-00_bin-410,18.43137254901961,0.0
SPO-SPSG-SRF-180-2000-00_bin-172,24.705882352941178,0.0
SPO-SPSG-SRF-20-180-00_bin-158,3.5294117647058822,0.0
SPO-SPSG-SRF-20-180-00_bin-164,57.647058823529406,1.1764705882352942
SPO-all-DCM-0-8-5-00_bin-35,71.76470588235294,0.0
NAO-all-SRF-20-180-00_bin-8,0.7843137254901961,0.0
NPO-all-SRF-20-180-00_bin-41,27.450980392156865,0.39215686274509803
MS-all-DCM-5-20-00_bin-31,10.588235294117647,0.0
NAO-all-MIX-0-8-5-00_bin-39,1.1764705882352942,0.0
SPO-all-SRF-180-2000-00_bin-184,25.098039215686274,0.0
SPO-all-SRF-0-8-5-00_bin-761,79.6078431372549,0.39215686274509803
IO-all-SRF-0-8-5-00_bin-166,12.156862745098039,0.0
NAO-all-DCM-0-8-5-00_bin-38,11.76470588235294,0.0
SPO-all-SRF-0-8-5-00_bin-1040,15.686274509803921,0.39215686274509803
MS-all-SRF-0-8-5-00_bin-479,63.13725490196078,0.39215686274509803
SO-all-SRF-0-8-5-00_bin-43,63.13725490196078,0.7843137254901961
SPO-all-SRF-0-8-5-00_bin-345,27.058823529411764,0.39215686274509803
MS-all-DCM-0-8-5-00_bin-94,45.490196078431374,0.39215686274509803
SPO-all-DCM-180-2000-00_bin-43,0.0,0.0
SAO-all-SRF-180-2000-00_bin-33,8.627450980392156,0.0
NAO-all-DCM-0-8-5-00_bin-243,54.90196078431373,0.0
NPO-all-DCM-20-180-00_bin-21,14.50980392156863,0.0
NAO-all-MIX-0-8-5-00_bin-193,60.3921568627451,0.0
RS-all-SRF-180-2000-00_bin-9,32.549019607843135,0.0
SPO-all-SRF-0-8-5-00_bin-341,70.98039215686275,1.9607843137254901
MS-all-SRF-0-8-5-00_bin-226,56.86274509803921,0.0
IO-all-MES-0-8-5-00_bin-262,25.098039215686274,0.0
NPO-all-SRF-0-8-5-00_bin-530,71.76470588235294,0.0
SO-all-DCM-0-8-5-00_bin-74,16.07843137254902,0.0
MS-all-DCM-0-8-5-00_bin-53,49.01960784313725,5.098039215686274
MS-all-DCM-20-180-00_bin-38,31.76470588235294,0.0
IO-all-SRF-20-180-00_bin-71,20.0,0.0
SPO-all-SRF-0-8-5-00_bin-1028,71.37254901960785,1.1764705882352942
SO-all-SRF-0-8-5-00_bin-50,43.529411764705884,0.0
MS-all-SRF-20-180-00_bin-87,46.27450980392157,0.7843137254901961
SPO-all-SRF-20-180-00_bin-137,0.0,0.0
NAO-all-MIX-5-20-00_bin-30,1.1764705882352942,0.0
SPO-all-SRF-0-8-5-00_bin-907,57.647058823529406,0.0
NPO-all-MES-0-8-5-00_bin-101,35.68627450980392,0.0
SPO-PEOD-MES-0-8-5-00_bin-17,11.76470588235294,0.0
IO-all-SRF-0-8-5-00_bin-113,21.96078431372549,0.39215686274509803
SPO-all-SRF-0-8-5-00_bin-906,86.27450980392157,0.0
MS-all-SRF-180-2000-00_bin-37,54.509803921568626,0.39215686274509803
SAO-all-SRF-0-8-5-00_bin-284,90.58823529411765,0.0
IO-all-DCM-0-8-5-00_bin-104,57.25490196078431,2.7450980392156863
NAO-all-MIX-0-8-5-00_bin-142,26.27450980392157,0.39215686274509803
SPO-SPSG-SRF-0-8-5-00_bin-578,39.21568627450981,0.39215686274509803
SPO-all-SRF-5-20-00_bin-20,0.7843137254901961,0.0
SPO-PEOD-SRF-20-180-00_bin-35,25.49019607843137,0.0
SPO-SPSG-SRF-0-8-5-00_bin-285,71.76470588235294,11.76470588235294
IO-all-DCM-20-180-00_bin-49,3.5294117647058822,0.0
MS-all-SRF-5-20-00_bin-35,2.3529411764705883,0.0
SPO-all-SRF-0-8-5-00_bin-470,8.627450980392156,0.0
SAO-all-SRF-0-8-5-00_bin-575,56.470588235294116,0.0
IO-all-SRF-20-180-00_bin-92,7.0588235294117645,0.0
IO-all-SRF-0-8-5-00_bin-380,47.45098039215686,4.313725490196078
IO-all-SRF-0-8-5-00_bin-260,64.31372549019608,0.39215686274509803
IO-all-FSW-0-8-5-00_bin-88,89.41176470588236,0.0
SPO-CHIL-SRF-180-2000-00_bin-57,34.11764705882353,1.1764705882352942
SPO-CHIL-SRF-0-8-5-00_bin-39,77.25490196078432,0.0
NAO-all-MIX-180-2000-00_bin-13,0.0,0.0
SPO-SPSG-SRF-0-8-5-00_bin-580,67.45098039215686,1.1764705882352942
NAO-all-SRF-5-20-00_bin-30,1.1764705882352942,0.0
NAO-all-SRF-0-8-5-00_bin-770,3.1372549019607843,0.0
SO-all-DCM-0-8-5-00_bin-59,23.52941176470588,0.39215686274509803
MS-all-SRF-0-8-5-00_bin-131,56.86274509803921,0.39215686274509803
IO-all-SRF-180-2000-00_bin-96,2.7450980392156863,0.0
NPO-all-DCM-0-8-5-00_bin-379,63.13725490196078,0.0
SAO-all-DCM-20-180-00_bin-30,0.39215686274509803,0.0
IO-all-DCM-0-8-5-00_bin-157,65.49019607843137,1.1764705882352942
SAO-all-DCM-0-8-5-00_bin-322,78.03921568627452,9.019607843137255
SAO-all-DCM-0-8-5-00_bin-588,50.588235294117645,0.7843137254901961
MS-all-SRF-0-8-5-00_bin-298,76.86274509803923,0.7843137254901961
SPO-SPSG-SRF-0-8-5-00_bin-40,18.823529411764707,0.0
NPO-all-SRF-0-8-5-00_bin-341,3.5294117647058822,0.0
SPO-SPSG-SRF-0-8-5-00_bin-164,5.490196078431373,0.0
SPO-all-SRF-20-180-00_bin-88,63.13725490196078,0.0
NAO-all-MIX-0-8-5-00_bin-96,92.15686274509804,0.0
MS-all-SRF-180-2000-00_bin-24,67.45098039215686,0.0
MS-all-SRF-20-180-00_bin-65,48.627450980392155,1.1764705882352942
SPO-all-SRF-180-2000-00_bin-289,3.5294117647058822,0.0
SPO-SPSG-SRF-20-180-00_bin-18,25.098039215686274,0.0
MS-all-SRF-20-180-00_bin-98,17.647058823529413,0.0
IO-all-DCM-20-180-00_bin-38,34.509803921568626,0.0
IO-all-SRF-180-2000-00_bin-90,3.1372549019607843,0.0
MS-all-DCM-0-8-5-00_bin-323,63.921568627450974,0.0
IO-all-SRF-180-2000-00_bin-43,0.7843137254901961,0.0
NPO-all-SRF-0-8-5-00_bin-306,71.37254901960785,0.39215686274509803
IO-all-DCM-20-180-00_bin-103,57.647058823529406,1.1764705882352942
IO-all-SRF-0-8-5-00_bin-126,60.3921568627451,0.39215686274509803
MS-all-DCM-180-2000-00_bin-37,46.27450980392157,0.7843137254901961
SPO-SPSG-SRF-180-2000-00_bin-1,1.9607843137254901,0.0
NPO-all-SRF-0-8-5-00_bin-232,87.84313725490196,0.0
NAO-all-SRF-0-8-5-00_bin-169,69.80392156862744,0.0
SPO-all-SRF-20-180-00_bin-274,5.490196078431373,0.0
NAO-all-SRF-0-8-5-00_bin-499,83.92156862745098,1.1764705882352942
SPO-CHIL-SRF-0-8-5-00_bin-213,57.25490196078431,0.7843137254901961
IO-all-SRF-0-8-5-00_bin-243,31.76470588235294,0.39215686274509803
SPO-SPSG-SRF-0-8-5-00_bin-290,52.94117647058824,1.5686274509803921
NPO-all-DCM-0-8-5-00_bin-237,79.2156862745098,0.39215686274509803
SPO-SPSG-SRF-0-8-5-00_bin-608,81.96078431372548,0.39215686274509803
NPO-all-DCM-20-180-00_bin-25,4.313725490196078,0.0
RS-all-SRF-20-180-00_bin-27,48.23529411764706,0.39215686274509803
SO-all-DCM-180-2000-00_bin-14,3.1372549019607843,0.0
NPO-all-SRF-5-20-00_bin-20,60.78431372549019,0.0
SPO-SPSG-SRF-20-180-00_bin-104,2.3529411764705883,0.0
NAO-all-SRF-0-8-5-00_bin-631,61.568627450980394,0.7843137254901961
MS-all-SRF-180-2000-00_bin-103,19.607843137254903,0.0
IO-all-SRF-0-8-5-00_bin-223,79.6078431372549,0.7843137254901961
SPO-SPSG-SRF-0-8-5-00_bin-614,14.901960784313726,0.0
SAO-all-DCM-0-8-5-00_bin-350,18.43137254901961,0.0
SPO-all-SRF-20-180-00_bin-134,2.7450980392156863,0.0
NPO-all-SRF-0-8-5-00_bin-425,23.52941176470588,0.0
SPO-SPSG-SRF-180-2000-00_bin-31,3.9215686274509802,0.39215686274509803
MS-all-DCM-180-2000-00_bin-15,0.39215686274509803,0.0
IO-all-DCM-20-180-00_bin-66,32.94117647058823,0.7843137254901961
IO-all-SRF-180-2000-00_bin-72,6.666666666666667,0.0
SAO-all-DCM-20-180-00_bin-3,29.01960784313726,0.39215686274509803
SPO-SPSG-SRF-0-8-5-00_bin-27,80.7843137254902,0.0
SAO-all-SRF-0-8-5-00_bin-592,49.80392156862745,1.5686274509803921
NAO-all-SRF-0-8-5-00_bin-297,73.33333333333333,0.7843137254901961
IO-all-SRF-20-180-00_bin-26,88.62745098039215,0.0
MS-all-SRF-20-180-00_bin-10,5.490196078431373,0.0
SPO-all-SRF-0-8-5-00_bin-469,79.6078431372549,4.313725490196078
NAO-all-SRF-0-8-5-00_bin-617,0.39215686274509803,0.0
MS-all-SRF-20-180-00_bin-36,1.5686274509803921,0.0
NPO-all-SRF-0-8-5-00_bin-15,32.94117647058823,1.1764705882352942
NAO-all-SRF-5-20-00_bin-26,34.90196078431372,0.7843137254901961
SAO-all-SRF-0-8-5-00_bin-290,9.803921568627452,0.0
MS-all-SRF-180-2000-00_bin-76,2.3529411764705883,0.0
SPO-all-SRF-180-2000-00_bin-318,30.980392156862745,0.0
IO-all-DCM-0-8-5-00_bin-21,38.03921568627451,0.7843137254901961
SPO-SPSG-SRF-0-8-5-00_bin-438,0.39215686274509803,0.0
IO-all-DCM-0-8-5-00_bin-17,56.470588235294116,0.39215686274509803
IO-all-DCM-0-8-5-00_bin-351,38.03921568627451,0.39215686274509803
IO-all-SRF-20-180-00_bin-115,16.862745098039216,0.0
SPO-all-SRF-180-2000-00_bin-228,1.5686274509803921,0.0
NAO-all-SRF-0-8-5-00_bin-152,43.529411764705884,0.0
MS-all-SRF-5-20-00_bin-10,10.196078431372548,0.0
SPO-all-SRF-0-8-5-00_bin-561,49.01960784313725,1.1764705882352942
SAO-all-SRF-5-20-00_bin-54,0.39215686274509803,0.0
IO-all-DCM-0-8-5-00_bin-130,12.156862745098039,0.0
IO-all-MES-0-8-5-00_bin-59,92.15686274509804,0.0
SPO-SPSG-SRF-20-180-00_bin-26,0.0,0.0
SPO-SPSG-SRF-180-2000-00_bin-203,0.39215686274509803,0.0
SPO-all-SRF-20-180-00_bin-129,0.0,0.0
SO-all-SRF-20-180-00_bin-8,4.705882352941177,0.0
MS-all-SRF-0-8-5-00_bin-464,12.156862745098039,0.0
SPO-SPSG-DCM-20-180-00_bin-14,13.725490196078432,0.39215686274509803
NPO-all-DCM-20-180-00_bin-58,3.1372549019607843,0.0
NAO-all-SRF-0-8-5-00_bin-745,89.01960784313725,0.39215686274509803
NAO-all-DCM-5-20-00_bin-19,6.666666666666667,0.0
MS-all-SRF-180-2000-00_bin-95,14.50980392156863,0.0
SPO-SPSG-SRF-20-180-00_bin-69,7.0588235294117645,0.0
NAO-all-SRF-5-20-00_bin-25,3.9215686274509802,0.0
SAO-all-DCM-0-8-5-00_bin-159,25.882352941176475,0.7843137254901961
SPO-all-SRF-20-180-00_bin-127,25.49019607843137,0.0
SPO-all-SRF-20-180-00_bin-51,5.88235294117647,0.0
NPO-all-SRF-20-180-00_bin-31,1.9607843137254901,0.0
NAO-all-SRF-0-8-5-00_bin-339,37.64705882352941,0.7843137254901961
NPO-all-DCM-20-180-00_bin-49,62.745098039215684,0.39215686274509803
SPO-SPSG-SRF-0-8-5-00_bin-379,32.94117647058823,0.39215686274509803
SAO-all-MES-0-8-5-00_bin-104,21.176470588235293,0.39215686274509803
SAO-all-DCM-0-8-5-00_bin-431,69.80392156862744,1.9607843137254901
NPO-all-MES-0-8-5-00_bin-198,93.72549019607843,0.0
NPO-all-SRF-0-8-5-00_bin-336,9.411764705882353,0.0
SPO-all-SRF-0-8-5-00_bin-551,62.745098039215684,0.39215686274509803
SAO-all-DCM-0-8-5-00_bin-441,83.13725490196079,0.39215686274509803
SAO-all-MES-0-8-5-00_bin-199,1.5686274509803921,0.0
SPO-SPSG-SRF-5-20-00_bin-57,0.7843137254901961,0.0
MS-all-SRF-20-180-00_bin-42,10.980392156862745,0.0
SPO-PEOD-SRF-5-20-00_bin-37,73.33333333333333,0.39215686274509803
IO-all-SRF-0-8-5-00_bin-183,34.509803921568626,0.7843137254901961
SPO-CHIL-SRF-0-8-5-00_bin-134,50.98039215686274,1.1764705882352942
IO-all-SRF-5-20-00_bin-65,16.862745098039216,1.1764705882352942
SAO-all-SRF-0-8-5-00_bin-297,79.6078431372549,0.39215686274509803
SAO-all-SRF-20-180-00_bin-20,0.0,0.0
IO-all-SRF-20-180-00_bin-119,17.254901960784313,0.0
SAO-all-SRF-0-8-5-00_bin-171,51.76470588235295,0.0
SPO-CHIL-SRF-20-180-00_bin-27,1.5686274509803921,0.0
SPO-all-SRF-20-180-00_bin-125,78.82352941176471,0.7843137254901961
NAO-all-SRF-0-8-5-00_bin-143,24.705882352941178,0.0
SPO-SPSG-DCM-20-180-00_bin-25,69.01960784313725,0.7843137254901961
RS-all-SRF-180-2000-00_bin-3,2.3529411764705883,0.0
MS-all-SRF-0-8-5-00_bin-196,8.627450980392156,0.0
SPO-all-SRF-0-8-5-00_bin-234,69.80392156862744,1.1764705882352942
NPO-all-DCM-0-8-5-00_bin-390,83.13725490196079,0.0
NAO-all-SRF-20-180-00_bin-84,0.7843137254901961,0.0
SPO-PEOD-SRF-0-8-5-00_bin-27,9.803921568627452,0.39215686274509803
NPO-all-SRF-0-8-5-00_bin-297,60.78431372549019,1.1764705882352942
SPO-SPSG-SRF-20-180-00_bin-59,55.294117647058826,0.39215686274509803
MS-all-DCM-0-8-5-00_bin-366,54.90196078431373,0.39215686274509803
IO-all-SRF-0-8-5-00_bin-109,25.098039215686274,0.0
NAO-all-SRF-0-8-5-00_bin-523,30.980392156862745,1.9607843137254901
SPO-all-SRF-180-2000-00_bin-136,52.156862745098046,0.0
IO-all-SRF-0-8-5-00_bin-502,25.882352941176475,0.0
NPO-all-DCM-0-8-5-00_bin-223,21.96078431372549,0.0
IO-all-SRF-20-180-00_bin-40,20.784313725490197,0.39215686274509803
SO-all-SRF-0-8-5-00_bin-54,0.39215686274509803,0.0
SAO-all-SRF-0-8-5-00_bin-71,52.54901960784314,0.39215686274509803
MS-all-SRF-20-180-00_bin-12,54.11764705882353,1.1764705882352942
IO-all-SRF-180-2000-00_bin-44,87.05882352941177,0.39215686274509803
SPO-SPSG-SRF-20-180-00_bin-177,0.0,0.0
IO-all-DCM-0-8-5-00_bin-353,81.96078431372548,0.39215686274509803
SPO-all-SRF-5-20-00_bin-110,5.88235294117647,0.0
SPO-PEOD-SRF-20-180-00_bin-14,20.392156862745097,0.39215686274509803
SPO-CHIL-DCM-180-2000-00_bin-3,0.0,0.0
NPO-all-SRF-5-20-00_bin-9,75.29411764705883,0.0
IO-all-DCM-0-8-5-00_bin-107,13.725490196078432,0.0
SAO-all-SRF-0-8-5-00_bin-141,72.94117647058823,7.450980392156863
NAO-all-SRF-0-8-5-00_bin-320,77.64705882352942,0.39215686274509803
SPO-PEOD-SRF-5-20-00_bin-8,32.94117647058823,0.39215686274509803
SAO-all-MES-0-8-5-00_bin-84,61.568627450980394,1.1764705882352942
NAO-all-SRF-20-180-00_bin-6,35.68627450980392,0.0
MS-all-SRF-20-180-00_bin-23,3.9215686274509802,0.0
NAO-all-DCM-0-8-5-00_bin-14,14.50980392156863,0.0
SPO-all-SRF-5-20-00_bin-176,2.7450980392156863,0.0
SPO-SPSG-SRF-0-8-5-00_bin-477,0.7843137254901961,0.0
SAO-all-SRF-180-2000-00_bin-37,72.54901960784314,1.5686274509803921
SPO-all-SRF-180-2000-00_bin-279,80.0,1.5686274509803921
SAO-all-DCM-0-8-5-00_bin-282,52.156862745098046,1.5686274509803921
IO-all-FSW-0-8-5-00_bin-83,56.07843137254902,0.39215686274509803
SAO-all-DCM-0-8-5-00_bin-354,24.313725490196077,0.39215686274509803
SPO-SPSG-SRF-180-2000-00_bin-129,32.94117647058823,0.0
SPO-SPSG-SRF-180-2000-00_bin-159,0.0,0.0
NPO-all-SRF-20-180-00_bin-49,3.5294117647058822,0.0
NAO-all-DCM-0-8-5-00_bin-34,43.13725490196079,0.7843137254901961
MS-all-SRF-0-8-5-00_bin-588,63.52941176470588,1.5686274509803921
SAO-all-SRF-0-8-5-00_bin-49,58.03921568627452,0.7843137254901961
NAO-all-SRF-0-8-5-00_bin-167,70.98039215686275,0.0
MS-all-SRF-0-8-5-00_bin-582,76.86274509803923,1.1764705882352942
RS-all-SRF-180-2000-00_bin-8,13.333333333333334,0.39215686274509803
SPO-SPSG-SRF-180-2000-00_bin-136,7.450980392156863,0.0
SPO-SPSG-SRF-180-2000-00_bin-205,94.11764705882352,1.1764705882352942
RS-all-SRF-0-8-5-00_bin-50,59.6078431372549,0.0
SPO-SPSG-SRF-20-180-00_bin-178,15.686274509803921,0.0
SPO-PEOD-DCM-0-8-5-00_bin-41,81.17647058823529,0.0
SAO-all-SRF-0-8-5-00_bin-241,74.50980392156863,1.1764705882352942
NPO-all-SRF-0-8-5-00_bin-371,47.84313725490196,0.0
SO-all-SRF-5-20-00_bin-17,1.9607843137254901,0.0
IO-all-SRF-20-180-00_bin-67,0.0,0.0
IO-all-SRF-0-8-5-00_bin-22,66.66666666666666,0.7843137254901961
SPO-SPSG-SRF-20-180-00_bin-93,34.90196078431372,0.0
SPO-all-SRF-0-8-5-00_bin-664,72.15686274509804,0.39215686274509803
SAO-all-DCM-0-8-5-00_bin-594,62.35294117647059,0.0
IO-all-DCM-20-180-00_bin-48,16.07843137254902,0.0
SAO-all-SRF-20-180-00_bin-59,0.7843137254901961,0.0
SPO-all-SRF-0-8-5-00_bin-130,78.03921568627452,0.0
MS-all-SRF-0-8-5-00_bin-158,56.07843137254902,1.5686274509803921
IO-all-SRF-0-8-5-00_bin-406,41.96078431372549,0.39215686274509803
SAO-all-SRF-0-8-5-00_bin-105,4.313725490196078,0.0
MS-all-SRF-0-8-5-00_bin-584,60.0,0.7843137254901961
IO-all-SRF-20-180-00_bin-121,59.6078431372549,1.1764705882352942
IO-all-DCM-0-8-5-00_bin-12,50.98039215686274,0.39215686274509803
SAO-all-SRF-0-8-5-00_bin-583,32.94117647058823,0.7843137254901961
SPO-all-SRF-20-180-00_bin-126,0.39215686274509803,0.0
SPO-PEOD-DCM-20-180-00_bin-18,69.01960784313725,0.0
SPO-CHIL-SRF-20-180-00_bin-30,12.941176470588237,0.0
MS-all-SRF-5-20-00_bin-53,11.76470588235294,0.0
SPO-SPSG-DCM-20-180-00_bin-1,54.509803921568626,0.7843137254901961
SPO-SPSG-DCM-20-180-00_bin-30,29.411764705882355,0.0
SPO-all-SRF-0-8-5-00_bin-922,29.80392156862745,0.0
NAO-all-SRF-20-180-00_bin-71,1.9607843137254901,0.0
SO-all-SRF-180-2000-00_bin-8,16.470588235294116,0.0
SPO-PEOD-DCM-20-180-00_bin-4,53.333333333333336,5.88235294117647
MS-all-SRF-0-8-5-00_bin-661,18.43137254901961,0.7843137254901961
IO-all-DCM-0-8-5-00_bin-320,46.666666666666664,0.39215686274509803
SPO-all-DCM-0-8-5-00_bin-332,54.509803921568626,0.39215686274509803
NPO-all-SRF-180-2000-00_bin-18,73.72549019607844,1.9607843137254901
SPO-SPSG-SRF-20-180-00_bin-153,5.88235294117647,0.0
IO-all-DCM-20-180-00_bin-57,41.17647058823529,0.0
SPO-SPSG-SRF-20-180-00_bin-82,0.7843137254901961,0.0
NPO-all-DCM-0-8-5-00_bin-316,10.196078431372548,0.7843137254901961
NAO-all-SRF-180-2000-00_bin-49,0.7843137254901961,0.0
SAO-all-DCM-0-8-5-00_bin-465,36.470588235294116,1.5686274509803921
IO-all-SRF-180-2000-00_bin-48,25.098039215686274,0.39215686274509803
IO-all-DCM-20-180-00_bin-54,73.33333333333333,0.39215686274509803
NAO-all-DCM-0-8-5-00_bin-13,10.196078431372548,0.7843137254901961
SPO-all-SRF-0-8-5-00_bin-165,61.1764705882353,0.0
SO-all-SRF-0-8-5-00_bin-90,15.686274509803921,0.0
NPO-all-DCM-20-180-00_bin-69,9.019607843137255,0.0
SPO-all-SRF-180-2000-00_bin-308,0.39215686274509803,0.0
SPO-SPSG-SRF-20-180-00_bin-38,3.1372549019607843,0.0
SPO-all-SRF-0-8-5-00_bin-825,60.0,0.7843137254901961
SAO-all-SRF-20-180-00_bin-61,5.88235294117647,0.0
NPO-all-DCM-5-20-00_bin-24,78.03921568627452,0.0
NAO-all-SRF-180-2000-00_bin-73,0.39215686274509803,0.0
NPO-all-DCM-20-180-00_bin-55,50.19607843137255,0.0
SPO-all-SRF-5-20-00_bin-152,0.39215686274509803,0.0
NPO-all-SRF-20-180-00_bin-17,31.76470588235294,0.0
RS-all-DCM-20-180-00_bin-3,69.41176470588235,1.1764705882352942
SAO-all-DCM-20-180-00_bin-23,20.0,0.0
NAO-all-MIX-0-8-5-00_bin-34,66.66666666666666,0.0
SPO-SPSG-SRF-5-20-00_bin-108,51.76470588235295,0.39215686274509803
SPO-all-SRF-20-180-00_bin-146,60.0,0.7843137254901961
SPO-all-SRF-5-20-00_bin-118,2.7450980392156863,0.0
SPO-PEOD-DCM-0-8-5-00_bin-54,51.37254901960784,0.7843137254901961
SAO-all-SRF-5-20-00_bin-32,0.0,0.0
NPO-all-SRF-20-180-00_bin-24,27.450980392156865,0.0
SPO-SPSG-DCM-20-180-00_bin-23,18.03921568627451,0.39215686274509803
IO-all-DCM-20-180-00_bin-117,9.803921568627452,0.0
IO-all-SRF-0-8-5-00_bin-446,55.68627450980392,1.9607843137254901
SPO-CHIL-SRF-180-2000-00_bin-20,23.92156862745098,0.0
SPO-all-SRF-180-2000-00_bin-164,0.39215686274509803,0.0
NAO-all-SRF-0-8-5-00_bin-76,44.70588235294118,0.7843137254901961
NAO-all-SRF-20-180-00_bin-44,37.64705882352941,0.0
SPO-SPSG-SRF-20-180-00_bin-97,8.627450980392156,0.0
SO-all-SRF-0-8-5-00_bin-31,13.725490196078432,0.0
IO-all-SRF-0-8-5-00_bin-298,53.72549019607843,0.0
SAO-all-MES-0-8-5-00_bin-99,4.313725490196078,0.0
SPO-all-SRF-0-8-5-00_bin-835,21.176470588235293,0.0
SPO-SPSG-SRF-0-8-5-00_bin-663,71.76470588235294,1.5686274509803921
SAO-all-SRF-0-8-5-00_bin-77,12.156862745098039,0.0
SPO-SPSG-SRF-180-2000-00_bin-207,0.0,0.0
NAO-all-SRF-180-2000-00_bin-87,46.666666666666664,0.7843137254901961
NAO-all-MIX-0-8-5-00_bin-271,1.5686274509803921,0.0
NAO-all-MIX-0-8-5-00_bin-117,70.98039215686275,0.7843137254901961
SPO-CHIL-SRF-0-8-5-00_bin-142,7.8431372549019605,0.0
MS-all-SRF-180-2000-00_bin-86,21.568627450980394,0.0
NPO-all-SRF-20-180-00_bin-76,68.23529411764706,0.39215686274509803
MS-all-SRF-5-20-00_bin-24,33.33333333333333,0.0
NPO-all-SRF-20-180-00_bin-8,23.92156862745098,0.0
IO-all-SRF-0-8-5-00_bin-591,26.27450980392157,0.0
SPO-SPSG-DCM-5-20-00_bin-33,89.80392156862746,0.7843137254901961
IO-all-SRF-20-180-00_bin-30,63.52941176470588,1.5686274509803921
SAO-all-DCM-0-8-5-00_bin-75,20.0,0.0
NAO-all-SRF-20-180-00_bin-32,6.2745098039215685,0.0
NAO-all-SRF-20-180-00_bin-39,11.372549019607844,0.0
NPO-all-SRF-5-20-00_bin-46,35.68627450980392,0.7843137254901961
IO-all-SRF-20-180-00_bin-82,3.5294117647058822,0.0
SAO-all-SRF-5-20-00_bin-14,0.39215686274509803,0.0
MS-all-DCM-20-180-00_bin-72,51.76470588235295,0.7843137254901961
MS-all-SRF-20-180-00_bin-86,0.7843137254901961,0.0
SPO-all-DCM-0-8-5-00_bin-566,85.49019607843137,0.0
SPO-SPSG-SRF-0-8-5-00_bin-104,61.568627450980394,0.7843137254901961
SAO-all-DCM-0-8-5-00_bin-516,80.7843137254902,4.705882352941177
SPO-SPSG-SRF-20-180-00_bin-109,10.588235294117647,0.0
SPO-all-SRF-5-20-00_bin-77,14.50980392156863,0.0
SAO-all-SRF-180-2000-00_bin-19,18.823529411764707,0.0
SAO-all-DCM-0-8-5-00_bin-388,82.74509803921568,2.7450980392156863
SPO-SPSG-SRF-0-8-5-00_bin-642,45.09803921568628,0.39215686274509803
SAO-all-SRF-0-8-5-00_bin-111,50.588235294117645,0.7843137254901961
NAO-all-MIX-0-8-5-00_bin-111,28.627450980392155,0.39215686274509803
MS-all-SRF-0-8-5-00_bin-16,15.686274509803921,0.0
NAO-all-SRF-180-2000-00_bin-77,0.0,0.0
SPO-all-SRF-180-2000-00_bin-141,9.019607843137255,0.0
NPO-all-DCM-0-8-5-00_bin-411,63.921568627450974,0.39215686274509803
SPO-SPSG-DCM-5-20-00_bin-1,32.549019607843135,0.0
IO-all-SRF-0-8-5-00_bin-174,49.80392156862745,0.0
RS-all-SRF-20-180-00_bin-30,10.588235294117647,0.39215686274509803
NAO-all-SRF-20-180-00_bin-19,40.3921568627451,0.7843137254901961
NAO-all-MES-0-8-5-00_bin-268,96.86274509803921,0.0
SAO-all-DCM-0-8-5-00_bin-587,76.07843137254902,1.5686274509803921
SPO-SPSG-SRF-180-2000-00_bin-82,33.33333333333333,0.0
SPO-all-SRF-20-180-00_bin-185,8.235294117647058,0.0
SPO-all-SRF-180-2000-00_bin-263,3.5294117647058822,0.0
SAO-all-DCM-0-8-5-00_bin-294,6.2745098039215685,0.0
NPO-all-SRF-20-180-00_bin-23,29.80392156862745,0.0
NAO-all-SRF-0-8-5-00_bin-307,25.882352941176475,0.39215686274509803
NAO-all-SRF-180-2000-00_bin-33,7.8431372549019605,0.0
SPO-SPSG-SRF-180-2000-00_bin-2,14.50980392156863,0.0
NAO-all-MIX-0-8-5-00_bin-170,75.29411764705883,2.3529411764705883
NPO-all-SRF-5-20-00_bin-29,3.5294117647058822,0.0
SPO-SPSG-DCM-20-180-00_bin-2,6.2745098039215685,0.0
IO-all-SRF-0-8-5-00_bin-351,16.862745098039216,0.39215686274509803
SPO-SPSG-SRF-0-8-5-00_bin-151,47.84313725490196,0.0
SPO-all-SRF-20-180-00_bin-214,65.88235294117646,0.7843137254901961
IO-all-SRF-0-8-5-00_bin-349,4.313725490196078,0.0
RS-all-SRF-0-8-5-00_bin-55,45.88235294117647,0.39215686274509803
SAO-all-DCM-0-8-5-00_bin-60,18.823529411764707,0.39215686274509803
SPO-all-SRF-180-2000-00_bin-303,36.86274509803922,0.39215686274509803
SAO-all-DCM-0-8-5-00_bin-200,84.70588235294117,21.568627450980394
SPO-all-SRF-5-20-00_bin-111,84.70588235294117,0.0
SPO-SPSG-SRF-0-8-5-00_bin-581,66.66666666666666,3.1372549019607843
SAO-all-MES-0-8-5-00_bin-134,4.313725490196078,0.0
SPO-CHIL-MES-0-8-5-00_bin-22,78.43137254901961,0.0
SPO-all-SRF-180-2000-00_bin-155,6.2745098039215685,0.0
NPO-all-SRF-180-2000-00_bin-29,0.0,0.0
NAO-all-MIX-0-8-5-00_bin-124,54.509803921568626,2.3529411764705883
NAO-all-SRF-0-8-5-00_bin-334,77.25490196078432,0.39215686274509803
NAO-all-SRF-0-8-5-00_bin-683,65.88235294117646,1.9607843137254901
SPO-SPSG-SRF-180-2000-00_bin-131,30.980392156862745,0.0
MS-all-SRF-180-2000-00_bin-27,44.31372549019608,0.7843137254901961
SPO-all-DCM-0-8-5-00_bin-138,63.921568627450974,1.1764705882352942
SPO-all-SRF-180-2000-00_bin-151,47.84313725490196,1.1764705882352942
SPO-all-DCM-0-8-5-00_bin-127,76.86274509803923,0.39215686274509803
SPO-SPSG-DCM-0-8-5-00_bin-150,50.588235294117645,0.0
MS-all-SRF-0-8-5-00_bin-426,85.09803921568627,4.705882352941177
NAO-all-DCM-20-180-00_bin-17,3.9215686274509802,0.0
MS-all-DCM-0-8-5-00_bin-147,18.03921568627451,0.0
SPO-all-DCM-0-8-5-00_bin-542,37.64705882352941,0.39215686274509803
NPO-all-SRF-0-8-5-00_bin-32,48.23529411764706,0.39215686274509803
SPO-all-SRF-20-180-00_bin-59,11.372549019607844,0.0
SO-all-DCM-0-8-5-00_bin-49,42.745098039215684,0.39215686274509803
SPO-SPSG-DCM-20-180-00_bin-32,25.882352941176475,0.0
SAO-all-SRF-5-20-00_bin-25,0.39215686274509803,0.0
SAO-all-SRF-20-180-00_bin-40,61.1764705882353,0.39215686274509803
NPO-all-SRF-20-180-00_bin-1,46.666666666666664,4.313725490196078
IO-all-DCM-180-2000-00_bin-20,17.254901960784313,0.0
SPO-all-SRF-5-20-00_bin-13,81.17647058823529,0.39215686274509803
SPO-all-SRF-0-8-5-00_bin-849,36.07843137254902,0.0
IO-all-DCM-180-2000-00_bin-25,0.39215686274509803,0.0
SAO-all-SRF-0-8-5-00_bin-465,19.215686274509807,0.39215686274509803
SAO-all-DCM-0-8-5-00_bin-343,81.56862745098039,0.39215686274509803
IO-all-DCM-20-180-00_bin-109,11.372549019607844,0.0
NAO-all-MIX-5-20-00_bin-5,21.96078431372549,0.0
SPO-all-DCM-0-8-5-00_bin-501,44.31372549019608,0.39215686274509803
NAO-all-MIX-20-180-00_bin-57,0.0,0.0
MS-all-SRF-0-8-5-00_bin-250,46.27450980392157,0.0
SPO-all-SRF-0-8-5-00_bin-502,84.70588235294117,0.39215686274509803
SAO-all-DCM-0-8-5-00_bin-556,16.07843137254902,0.0
SPO-all-SRF-20-180-00_bin-243,43.92156862745098,1.1764705882352942
NPO-all-SRF-180-2000-00_bin-11,0.39215686274509803,0.0
SPO-all-SRF-0-8-5-00_bin-716,41.17647058823529,0.0
IO-all-SRF-20-180-00_bin-144,3.1372549019607843,0.0
SPO-SPSG-SRF-0-8-5-00_bin-303,20.392156862745097,0.39215686274509803
SPO-SPSG-SRF-0-8-5-00_bin-217,26.666666666666668,0.39215686274509803
NPO-all-SRF-0-8-5-00_bin-105,60.78431372549019,0.0
SAO-all-SRF-0-8-5-00_bin-11,5.88235294117647,0.0
SPO-all-SRF-0-8-5-00_bin-737,11.372549019607844,0.0
NPO-all-SRF-0-8-5-00_bin-250,9.803921568627452,0.7843137254901961
SO-all-SRF-0-8-5-00_bin-39,56.86274509803921,0.39215686274509803
SPO-all-SRF-180-2000-00_bin-311,2.7450980392156863,0.0
SAO-all-DCM-0-8-5-00_bin-536,86.27450980392157,0.39215686274509803
NAO-all-MIX-0-8-5-00_bin-132,59.6078431372549,2.7450980392156863
IO-all-SRF-180-2000-00_bin-62,0.39215686274509803,0.0
SAO-all-SRF-20-180-00_bin-71,62.35294117647059,1.9607843137254901
NAO-all-SRF-0-8-5-00_bin-516,1.9607843137254901,0.0
RS-all-SRF-20-180-00_bin-19,17.647058823529413,0.0
NAO-all-SRF-0-8-5-00_bin-528,74.50980392156863,0.0
IO-all-SRF-0-8-5-00_bin-579,67.84313725490196,1.5686274509803921
MS-all-SRF-5-20-00_bin-96,52.54901960784314,0.0
NAO-all-MIX-0-8-5-00_bin-163,86.66666666666667,0.0
NAO-all-SRF-0-8-5-00_bin-380,62.745098039215684,0.7843137254901961
SPO-all-SRF-0-8-5-00_bin-459,24.705882352941178,0.0
SPO-SPSG-SRF-0-8-5-00_bin-427,59.6078431372549,0.7843137254901961
NPO-all-DCM-20-180-00_bin-3,0.39215686274509803,0.0
SO-all-SRF-5-20-00_bin-18,1.1764705882352942,0.0
SAO-all-DCM-0-8-5-00_bin-160,1.1764705882352942,0.0
MS-all-DCM-180-2000-00_bin-45,75.29411764705883,0.0
MS-all-SRF-0-8-5-00_bin-125,66.27450980392156,0.0
MS-all-SRF-180-2000-00_bin-92,2.3529411764705883,0.0
NPO-all-SRF-180-2000-00_bin-9,9.411764705882353,0.0
SAO-all-SRF-0-8-5-00_bin-414,41.96078431372549,0.0
NPO-all-SRF-180-2000-00_bin-5,9.803921568627452,0.39215686274509803
SAO-all-DCM-0-8-5-00_bin-409,87.45098039215686,53.72549019607843
IO-all-DCM-20-180-00_bin-74,27.450980392156865,0.0
IO-all-DCM-0-8-5-00_bin-306,68.62745098039215,0.39215686274509803
IO-all-SRF-0-8-5-00_bin-252,12.156862745098039,0.0
SO-all-DCM-0-8-5-00_bin-35,4.313725490196078,0.0
SAO-all-SRF-0-8-5-00_bin-506,50.19607843137255,0.7843137254901961
SAO-all-SRF-0-8-5-00_bin-546,57.647058823529406,0.7843137254901961
NAO-all-MIX-0-8-5-00_bin-276,85.88235294117646,0.0
IO-all-SRF-20-180-00_bin-109,9.411764705882353,0.0
IO-all-SRF-0-8-5-00_bin-402,34.90196078431372,1.1764705882352942
NPO-all-DCM-0-8-5-00_bin-298,62.35294117647059,0.39215686274509803
SPO-all-DCM-0-8-5-00_bin-208,14.50980392156863,0.0
SAO-all-SRF-0-8-5-00_bin-87,28.235294117647058,0.0
SPO-all-SRF-0-8-5-00_bin-721,5.098039215686274,0.0
SPO-all-SRF-0-8-5-00_bin-633,69.41176470588235,0.7843137254901961
SPO-all-SRF-0-8-5-00_bin-867,83.13725490196079,0.39215686274509803
IO-all-DCM-5-20-00_bin-11,1.5686274509803921,0.0
NAO-all-DCM-0-8-5-00_bin-131,63.52941176470588,0.0
SPO-SPSG-SRF-20-180-00_bin-168,24.313725490196077,0.39215686274509803
SPO-all-SRF-180-2000-00_bin-73,0.39215686274509803,0.0
SPO-all-SRF-180-2000-00_bin-31,26.27450980392157,0.39215686274509803
MS-all-SRF-5-20-00_bin-9,61.568627450980394,0.7843137254901961
SPO-SPSG-SRF-180-2000-00_bin-96,52.54901960784314,2.7450980392156863
SAO-all-DCM-0-8-5-00_bin-43,90.98039215686275,0.0
SO-all-SRF-0-8-5-00_bin-97,63.921568627450974,0.7843137254901961
SPO-all-SRF-0-8-5-00_bin-394,9.019607843137255,0.0
IO-all-SRF-20-180-00_bin-73,53.333333333333336,1.5686274509803921
NPO-all-SRF-20-180-00_bin-48,17.647058823529413,0.0
SO-all-SRF-0-8-5-00_bin-45,5.88235294117647,0.0
IO-all-SRF-0-8-5-00_bin-529,41.96078431372549,0.39215686274509803
SPO-SPSG-SRF-180-2000-00_bin-122,22.745098039215687,0.0
IO-all-SRF-180-2000-00_bin-79,18.03921568627451,0.0
SAO-all-DCM-0-8-5-00_bin-564,81.17647058823529,0.7843137254901961
MS-all-SRF-0-8-5-00_bin-251,55.68627450980392,0.0
SPO-all-SRF-180-2000-00_bin-49,63.13725490196078,1.1764705882352942
SPO-SPSG-DCM-0-8-5-00_bin-88,65.88235294117646,0.39215686274509803
IO-all-SRF-180-2000-00_bin-21,30.58823529411765,0.0
SPO-all-SRF-20-180-00_bin-110,36.86274509803922,0.39215686274509803
SPO-SPSG-SRF-180-2000-00_bin-113,50.588235294117645,0.0
SPO-all-SRF-0-8-5-00_bin-449,71.76470588235294,0.0
SAO-all-DCM-0-8-5-00_bin-62,63.921568627450974,1.1764705882352942
IO-all-SRF-0-8-5-00_bin-80,72.54901960784314,2.3529411764705883
RS-all-SRF-180-2000-00_bin-15,25.882352941176475,0.0
NAO-all-SRF-0-8-5-00_bin-289,23.92156862745098,0.39215686274509803
SPO-all-SRF-5-20-00_bin-55,66.66666666666666,0.7843137254901961
SPO-SPSG-SRF-5-20-00_bin-3,20.784313725490197,0.0
SO-all-SRF-5-20-00_bin-63,1.5686274509803921,0.0
MS-all-SRF-20-180-00_bin-4,71.76470588235294,1.1764705882352942
IO-all-MES-0-8-5-00_bin-188,41.17647058823529,0.7843137254901961
SPO-all-SRF-180-2000-00_bin-28,34.90196078431372,0.0
IO-all-SRF-0-8-5-00_bin-291,1.1764705882352942,0.0
NPO-all-MES-0-8-5-00_bin-163,62.35294117647059,0.39215686274509803
SPO-PEOD-SRF-20-180-00_bin-15,10.196078431372548,0.0
NAO-all-SRF-0-8-5-00_bin-230,70.19607843137254,0.39215686274509803
IO-all-SRF-180-2000-00_bin-83,0.0,0.0
SAO-all-SRF-0-8-5-00_bin-212,88.62745098039215,0.39215686274509803
SPO-SPSG-DCM-5-20-00_bin-40,80.7843137254902,0.39215686274509803
SO-all-SRF-0-8-5-00_bin-112,40.3921568627451,1.1764705882352942
MS-all-DCM-20-180-00_bin-45,11.372549019607844,0.0
IO-all-DCM-0-8-5-00_bin-230,60.3921568627451,1.9607843137254901
SAO-all-SRF-20-180-00_bin-46,31.372549019607842,0.0
NPO-all-SRF-20-180-00_bin-84,0.0,0.0
NPO-all-SRF-20-180-00_bin-18,9.803921568627452,0.0
MS-all-SRF-20-180-00_bin-24,47.84313725490196,0.39215686274509803
MS-all-SRF-0-8-5-00_bin-123,79.6078431372549,0.0
MS-all-SRF-180-2000-00_bin-83,57.647058823529406,0.39215686274509803
IO-all-SRF-0-8-5-00_bin-325,43.92156862745098,0.39215686274509803
SAO-all-SRF-0-8-5-00_bin-200,1.9607843137254901,0.0
SO-all-SRF-180-2000-00_bin-3,4.313725490196078,0.0
SPO-CHIL-DCM-20-180-00_bin-3,49.411764705882355,0.39215686274509803
RS-all-SRF-20-180-00_bin-8,33.72549019607843,1.1764705882352942
IO-all-MES-0-8-5-00_bin-223,0.39215686274509803,0.0
SPO-SPSG-SRF-20-180-00_bin-80,32.94117647058823,0.0
IO-all-SRF-20-180-00_bin-131,3.1372549019607843,0.0
NAO-all-MIX-0-8-5-00_bin-174,6.2745098039215685,0.0
SAO-all-SRF-0-8-5-00_bin-26,63.13725490196078,13.333333333333334
SPO-all-SRF-0-8-5-00_bin-515,23.137254901960784,1.1764705882352942
SPO-SPSG-SRF-180-2000-00_bin-137,0.0,0.0
SPO-SPSG-SRF-20-180-00_bin-106,1.1764705882352942,0.0
SAO-all-SRF-0-8-5-00_bin-566,28.627450980392155,0.0
SPO-SPSG-MES-0-8-5-00_bin-179,91.76470588235294,0.0
SPO-all-SRF-180-2000-00_bin-173,5.88235294117647,0.0
SAO-all-DCM-0-8-5-00_bin-428,62.745098039215684,3.1372549019607843
SPO-SPSG-SRF-5-20-00_bin-21,4.313725490196078,0.0
SAO-all-SRF-180-2000-00_bin-28,24.705882352941178,0.0
SAO-all-SRF-0-8-5-00_bin-545,16.07843137254902,0.0
SPO-SPSG-SRF-0-8-5-00_bin-658,70.19607843137254,2.7450980392156863
SPO-SPSG-SRF-0-8-5-00_bin-277,85.09803921568627,0.0
NAO-all-DCM-0-8-5-00_bin-77,94.50980392156862,0.0
NAO-all-MIX-180-2000-00_bin-8,20.784313725490197,0.0
SAO-all-SRF-0-8-5-00_bin-195,28.235294117647058,0.0
SAO-all-DCM-0-8-5-00_bin-2,80.7843137254902,0.7843137254901961
SPO-CHIL-DCM-0-8-5-00_bin-46,67.05882352941175,2.7450980392156863
SPO-SPSG-SRF-180-2000-00_bin-78,11.372549019607844,0.0
SPO-all-SRF-20-180-00_bin-70,2.3529411764705883,0.0
IO-all-SRF-0-8-5-00_bin-89,82.35294117647058,0.0
SPO-all-SRF-180-2000-00_bin-153,0.0,0.0
