,mean_cds,mean_rpt,std_cds,std_rpt
TOPAZ_RSS1_E001,0.8225758273381295,0.0027223741007194246,0.04311228037670404,0.002509224014513786
TOPAZ_RSS3_E003,0.34954076576576576,0.12787254504504506,0.0929517759831549,0.029833154195348946
TOPAZ_SPS1_E049,0.6988102040816326,0.03243727891156462,0.06865893167882878,0.022107584719265178
TOPAZ_IOD1_E003,0.8695444155844156,0.021962012987012988,0.03843846304863886,0.014732528608308777
TOPAZ_IOS3_E015,0.5365245398773006,0.038795644171779144,0.08842189265248968,0.014756846182285002
TOPAZ_MSS1_E016,0.9242482631578948,0.0037730000000000007,0.03619686233325829,0.002392714369211582
TOPAZ_NAM1_E004,0.7924651461988304,0.0015756725146198831,0.10153563351322453,0.0018479712246513176
TOPAZ_SAS3_E007,0.5817726031746032,0.01753863492063492,0.08387397106251086,0.008303546519603838
TOPAZ_SAD1_E004,0.7773129752066115,0.03262648760330578,0.0517488843037735,0.010895249687925606
TOPAZ_NAS1_E008,0.8479330079155674,0.016504696569920846,0.03708440111766502,0.018437976085001747
TOPAZ_SPX1_E002,0.7861351298701298,0.015571753246753244,0.031911757110291664,0.008078795407597232
TOPAZ_IOS2_E005,0.35934142857142864,0.033911085714285714,0.1039904830574924,0.013392599767614583
TOPAZ_SPS2_E009,0.7816113513513513,0.0058178378378378375,0.09378690118192937,0.0038617564517486537
TOPAZ_SPD1_E001,0.8058831249999999,0.0,0.08164806846450426,0.0
TOPAZ_MSD1_E003,0.8672717125984252,0.03202765748031496,0.048202492310879454,0.028904040732978906
TOPAZ_SPS1_E083,0.9519405263157895,0.0011663157894736841,0.03762858555141536,0.0009997730120960481
TOPAZ_NPS4_E009,0.7399602816901408,0.013477323943661971,0.04195527699260588,0.013445879619951067
TOPAZ_MSS3_E015,0.6657809722222221,0.0006402777777777778,0.06216003213390512,0.0009278379471507077
TOPAZ_MSD3_E008,0.581252857142857,0.011560952380952382,0.10618415905724299,0.005615106244817597
TOPAZ_SPS1_E071,0.5933067010309278,0.030865463917525773,0.10195596054251918,0.017927242991593158
TOPAZ_MSD1_E016,0.8208141525423729,0.013385932203389832,0.057307373609724314,0.0060491778734433135
TOPAZ_SPS2_E012,0.7805522500000001,0.012042187499999999,0.06521711324443533,0.005733948756297335
TOPAZ_SPD1_E007,0.7825156172839506,0.015535987654320986,0.038109792930578264,0.0076648498217493505
TOPAZ_SPS3_E020,0.37375721518987337,0.04948354430379747,0.07945205450079143,0.013849463275070658
TOPAZ_SPS1_E028,0.8759068181818181,0.00022345454545454546,0.06073764803618051,0.0004811963053656175
TOPAZ_SPM1_E003,0.5532234140435836,0.002113922518159806,0.05950980813388017,0.0031513719851311885
TOPAZ_SPS1_E079,0.8403712037037038,0.01628101851851852,0.09787577206277573,0.013056746655345628
TOPAZ_RSS3_E006,0.5432711111111111,0.019921358024691364,0.08404528798272254,0.00576580592015161
TOPAZ_SPS3_E088,0.5264771153846154,0.03377653846153846,0.12957724885382135,0.010495102499703847
TOPAZ_SPS1_E047,0.8428058013937282,0.01492792682926829,0.033083645621863216,0.009553072606476474
TOPAZ_SPS1_E021,0.7788264457831325,0.011919638554216868,0.030426191238325524,0.006931575942747785
TOPAZ_SAD1_E028,0.72398,0.07410333333333334,0.052414566215081386,0.01662757014385713
TOPAZ_SOD1_E004,0.8836470817120623,0.013158754863813231,0.05142285563973547,0.010545349649387923
TOPAZ_SPS3_E019,0.4238652173913044,0.0753011304347826,0.08920397117254782,0.01606231628568083
TOPAZ_IOS1_E025,0.936230634920635,0.01041777777777778,0.026933049790646577,0.0063697527909082905
TOPAZ_NAS1_E002,0.768601974789916,0.030884453781512604,0.05167823788085225,0.009612310008173999
TOPAZ_SAS1_E035,0.8739774693877551,0.023868714285714285,0.028106662042067927,0.017559737869946253
TOPAZ_SPS3_E054,0.7732667105263158,0.03385157894736842,0.06680568482326693,0.01894216106805076
TOPAZ_NAS4_E012,0.4539277380952381,0.06949321428571428,0.08204942013740125,0.01607681739417072
TOPAZ_SPS3_E011,0.5286902730375427,0.014520784982935152,0.09242215913721208,0.007797940902504671
TOPAZ_SPS3_E091,0.6702139393939394,0.008886666666666668,0.06128592922396472,0.0042576502743398095
TOPAZ_IOS3_E001,0.578424625,0.04021325,0.061812553780436666,0.009048951427513578
TOPAZ_SPS2_E017,0.8024313684210523,0.0,0.07840849872854515,0.0
TOPAZ_SPS3_E038,0.5121646863468634,0.03334948339483395,0.079078413565652,0.02058500643113865
TOPAZ_NAX1_E013,0.9235733774834438,0.00112317880794702,0.021942757042036687,0.0011450997647973631
TOPAZ_MSS2_E005,0.48510316953316956,0.010629262899262899,0.0779023934212863,0.004787984084588694
TOPAZ_IOS2_E002,0.7521845502645501,0.0015395238095238096,0.036978760934453625,0.001729073301580167
TOPAZ_SAD1_E008,0.9038689622641509,0.00832075471698113,0.02395041493039731,0.008048915864898427
TOPAZ_SPS2_E004,0.6268072727272729,0.005052727272727273,0.09634278749160671,0.003072920851890506
TOPAZ_NPD3_E008,0.7902407692307691,0.0,0.07149886609768324,0.0
TOPAZ_NAX4_E004,0.4441014406779662,0.006885254237288135,0.08131080174323604,0.003985502054983619
TOPAZ_SAM1_E004,0.447605,7.794117647058824e-05,0.10314991577795883,0.0004477379709801699
TOPAZ_SPS3_E031,0.867990681818182,0.02302681818181818,0.06868378865886131,0.019650228054740378
TOPAZ_MSD3_E001,0.4758854566744731,0.0008582903981264637,0.1127783523727028,0.0020372864190240053
TOPAZ_SPS4_E029,0.4457202702702704,0.14682783783783782,0.0915843492615233,0.024000784687074818
TOPAZ_SAS1_E015,0.48990467980295566,0.09687088669950739,0.0540517837209804,0.023401042863418233
TOPAZ_MSD1_E017,0.8460086857142858,0.03204954285714286,0.06945149866109912,0.012947123092117761
TOPAZ_NPS4_E008,0.5475369148936171,0.05613053191489362,0.07561617588436839,0.014843053993189076
TOPAZ_SPS1_E090,0.29769428571428563,0.06718714285714286,0.0821233090684182,0.021521146968429324
TOPAZ_SAS1_E016,0.8222133558178751,0.023317504215851603,0.05912236468636716,0.013104213481614837
TOPAZ_SPD1_E005,0.8122266417910449,0.011031791044776121,0.06532563338788536,0.006392174185831403
TOPAZ_NAS1_E001,0.901205925925926,0.005600617283950617,0.09092686800598175,0.006413360349846656
TOPAZ_SPS4_E030,0.6097786666666665,0.023626888888888888,0.09354176689467535,0.01549790148120021
TOPAZ_SAD1_E031,0.1426605263157895,0.3327189473684211,0.06152160677130427,0.06866209993375544
TOPAZ_NAS3_E005,0.4349756790123457,0.03738685185185185,0.10108295888835744,0.013108221643574098
TOPAZ_NAX3_E002,0.0543056862745098,0.0,0.052927716867103965,0.0
TOPAZ_NAX1_E015,0.814632757475083,0.010341295681063123,0.044044575141248384,0.00714178262890665
TOPAZ_SPS1_E067,0.7978550980392158,0.001699705882352941,0.0696312349163131,0.004025938316127001
TOPAZ_SPS4_E015,0.2859499568965517,0.05577431034482759,0.061543687843354095,0.015496193176798345
TOPAZ_MSS3_E003,0.7420887999999999,0.004609599999999999,0.05763973113423297,0.0023447435908147112
TOPAZ_MSS1_E006,0.8627547692307692,0.0021354615384615388,0.06808132194114945,0.0021251545143963465
TOPAZ_SPS3_E077,0.5729551715039578,0.03403796833773087,0.10175267015437867,0.014450710816492726
TOPAZ_SPX1_E001,0.8820315771230502,0.0,0.038714940556535085,0.0
TOPAZ_IOS4_E007,0.28767595505617977,0.0,0.06325442333369959,0.0
TOPAZ_SPS4_E024,0.4324149999999999,0.1262842307692308,0.1420644054984055,0.04294246160880473
TOPAZ_NAX1_E017,0.8633138997821351,0.007427734204793028,0.028085783846825602,0.009177663664276529
TOPAZ_SPS3_E009,0.4663919565217391,0.018332173913043478,0.10737784585730258,0.007614168118952149
TOPAZ_NAS4_E001,0.4434847457627119,0.020353389830508474,0.08974918341266648,0.0074928534561826835
TOPAZ_SPS1_E054,0.8210992753623187,0.06319898550724638,0.03979437067776234,0.018455553408874233
TOPAZ_SOS1_E011,0.6672158823529412,0.06430334558823529,0.073970576319143,0.024675632334075073
TOPAZ_SAS3_E001,0.6245244578313252,0.011903975903614458,0.08249838350008888,0.0054549075814637705
TOPAZ_MSD1_E006,0.8611354,0.006025,0.03902612889898253,0.003369914687347441
TOPAZ_MSS1_E020,0.7712406542056075,0.0007260747663551401,0.05912081541606024,0.0017494494498520275
TOPAZ_SPS4_E055,0.509790134228188,0.041831073825503357,0.08024639071092005,0.015522565827001998
TOPAZ_IOD1_E015,0.9070670786516852,0.003556629213483146,0.0718494188978596,0.002459467807519591
TOPAZ_MSD2_E004,0.4265528758169936,0.005677058823529412,0.07223120410620078,0.003692616884278158
TOPAZ_SPS3_E010,0.43400561403508775,0.021316315789473687,0.08754290799609317,0.006379866530963528
TOPAZ_NAS4_E007,0.6668062499999999,0.160113,0.13477273058166292,0.06593364794245804
TOPAZ_RSS1_E004,0.850129024390244,0.012250243902439024,0.03174841411863253,0.00861362255014965
TOPAZ_SAD4_E003,0.4785212582781457,0.021243973509933775,0.08082148363907973,0.009032692431140877
TOPAZ_SPS4_E038,0.5871705135951661,0.009301208459214502,0.11557397953020919,0.013130238309194645
TOPAZ_NAX1_E019,0.7901777368421052,0.07155978947368422,0.06507464280698791,0.0185157493404909
TOPAZ_SAS3_E015,0.46480970588235293,0.010486764705882352,0.08575903095936874,0.005801984305891662
TOPAZ_SAS1_E040,0.8391330555555556,0.10116537037037038,0.036027718468853775,0.022534041056683714
TOPAZ_NAX1_E016,0.841131724137931,0.0,0.10870123655258865,0.0
TOPAZ_SPS3_E014,0.5083426365795725,0.038720855106888365,0.08470690055619463,0.013830176058717059
TOPAZ_IOS1_E029,0.8033034782608697,0.017292782608695653,0.04844519015104871,0.019116354097897935
TOPAZ_SPS3_E013,0.6670684848484849,0.0025139393939393943,0.06115889375702527,0.0015689968603671764
TOPAZ_SPS3_E072,0.6429228925619835,0.011216280991735538,0.09157778276739267,0.006204079054362475
TOPAZ_NAD3_E003,0.11257275862068966,0.01122655172413793,0.049165757280263025,0.004702611362491585
TOPAZ_NAD1_E005,0.8349890155440417,0.005618808290155439,0.04000163249990917,0.010045514820549491
TOPAZ_NAX1_E021,0.8580088082901556,0.008276580310880828,0.05967405686150722,0.004117191647495051
TOPAZ_NPD1_E005,0.7487645089285715,0.06314683035714286,0.04863348652282696,0.018106724980154077
TOPAZ_MSD3_E002,0.5122690232558139,0.0028519767441860465,0.10667314077483094,0.00928130915231545
TOPAZ_SPS1_E019,0.8762962820512821,0.0009287179487179486,0.05264786481435112,0.0009044538782508326
TOPAZ_SOD1_E001,0.8149926339285715,0.0493534375,0.033429914703455015,0.01622225957116665
TOPAZ_SAS3_E012,0.7534902439024391,1.2195121951219513e-05,0.11566944379035364,7.712872341874096e-05
TOPAZ_SOS2_E004,0.5080867857142858,0.08582571428571427,0.12536795307224852,0.02260994399256528
TOPAZ_SAS2_E002,0.6127138782051283,0.002138557692307692,0.05565086903528643,0.002778609370734421
TOPAZ_IOS3_E017,0.4513385714285714,0.042056318681318684,0.09482984807470311,0.015563761204205079
TOPAZ_SPS4_E054,0.5713164516129033,0.02430008064516129,0.07699381925543101,0.012715942146412735
TOPAZ_SPS3_E080,0.7332358108108107,0.005257702702702703,0.07519080013101727,0.002858049111268931
TOPAZ_NAS1_E031,0.7706171126760563,0.0019483098591549298,0.08722240635199406,0.006395422215337937
TOPAZ_MSD2_E002,0.4649272631578947,0.02082442105263158,0.08494741072157036,0.005942465147835619
TOPAZ_SPS3_E069,0.5329144230769232,0.01754705128205128,0.08065572528234437,0.008871891164995432
TOPAZ_SPS1_E014,0.8277957419354838,0.017484,0.04537324131060263,0.0067923460339680344
TOPAZ_MSD1_E007,0.8354859523809524,0.02146952380952381,0.11660301411320141,0.006329052420003123
TOPAZ_MSS1_E032,0.8312717766497462,0.0037012690355329946,0.052728721715947474,0.004634716591328385
TOPAZ_SPS3_E021,0.4661156043956044,0.003220659340659341,0.059455575995379935,0.00220451375227083
TOPAZ_SPS3_E071,0.5773588923076923,0.029012830769230766,0.0856410055774188,0.009664731632342778
TOPAZ_MSS1_E015,0.7535149169435217,0.03144878737541528,0.04663158182674268,0.01734257044172574
TOPAZ_MSD4_E003,0.7319514782608697,0.005726173913043479,0.07322128830670084,0.003597134991026511
TOPAZ_SPM1_E002,0.5431425490196078,0.0,0.06781638242250208,0.0
TOPAZ_NAM1_E003,0.6184192145015105,0.0022961027190332326,0.06226294794170973,0.0024155404920230337
TOPAZ_NAX3_E007,0.09767249999999998,0.012715,0.10920668469940709,0.005045996645149216
TOPAZ_NPD1_E010,0.8125634545454546,0.0006027272727272727,0.08934996477016513,0.0007086541778622722
TOPAZ_SAD4_E001,0.6553192,0.0002283,0.07884306920306947,0.00044004557718490926
TOPAZ_SPS3_E050,0.3857380582524272,0.0409852427184466,0.08721261516990134,0.011484566583083663
TOPAZ_MSS2_E007,0.51697857421875,0.0285878125,0.09757579018482869,0.01146689778554857
TOPAZ_MSD1_E010,0.8919955633802816,0.00042077464788732393,0.050540784528328615,0.0007035844583712006
TOPAZ_NPS1_E010,0.8551013793103449,0.006158218390804598,0.03356750982592535,0.006773912708146808
TOPAZ_SAS3_E002,0.8877817307692306,0.013511346153846155,0.12256341257803516,0.008611056405496312
TOPAZ_MSD3_E005,0.5364930434782609,0.019934746376811592,0.1059094632673484,0.007744948770483535
TOPAZ_RSS3_E005,0.49155266666666664,0.038602444444444446,0.08536308231183887,0.011150726315268648
TOPAZ_SAD1_E029,0.8808325988700566,0.0168674011299435,0.050289872081004945,0.008408470105617363
TOPAZ_SPS1_E082,0.6977975806451613,0.10463685483870969,0.0623250443418313,0.020519216145774007
TOPAZ_IOD1_E014,0.8183413636363637,0.011718506493506494,0.03159860532571187,0.011246475163961114
TOPAZ_NPD3_E010,0.5896321739130435,0.0,0.07368626752225314,0.0
TOPAZ_NAX1_E007,0.7809277966101694,0.0419271186440678,0.06686446046377086,0.013496666230032758
TOPAZ_SPS1_E001,0.801106688741722,0.0,0.03863207799177674,0.0
TOPAZ_NAS1_E012,0.8103601468189233,0.02502499184339315,0.034971400864778096,0.014731508735797776
TOPAZ_SAS1_E019,0.8634420000000002,0.01778615789473684,0.03950904768064625,0.009910421918699942
TOPAZ_NPD3_E006,0.575986418604651,0.013834325581395348,0.09033344346422226,0.006104878368485056
TOPAZ_SPS3_E036,0.784107697368421,0.011765855263157893,0.037073360123977134,0.006393213244082697
TOPAZ_SPS3_E087,0.28407960526315784,7.499999999999999e-06,0.05711517413918516,6.495190528383292e-05
TOPAZ_SPD1_E016,0.7862706832298136,0.009140869565217391,0.05597865439594277,0.004224896983757052
TOPAZ_NPS1_E006,0.8056276642335767,0.08405138686131387,0.03607510543990689,0.015562939516613934
TOPAZ_SAD1_E038,0.842360082644628,0.01647570247933884,0.03407193156623685,0.012865255781549956
TOPAZ_SAS1_E031,0.9111551470588236,0.003831911764705882,0.06723791891250247,0.00239274439857675
TOPAZ_MSS3_E006,0.4776656633663367,0.0021139603960396037,0.1065252537306611,0.00855133512581954
TOPAZ_SAD3_E002,0.4570868421052632,0.004970877192982456,0.08211419403463402,0.003375283629772417
TOPAZ_IOS3_E025,0.4038855271565495,0.029149009584664536,0.07272332932365648,0.012377573272065064
TOPAZ_NPS1_E026,0.8744232222222224,0.0015711111111111114,0.061945734941116506,0.0015384360344514703
TOPAZ_SPS2_E015,0.5285380701754386,0.02302842105263158,0.10680293848113731,0.011001468130013245
TOPAZ_SPS3_E037,0.8152670270270269,0.02277513513513513,0.08604925166893117,0.012823288489480427
TOPAZ_IOS1_E001,0.762973203883495,0.0013415533980582525,0.04106636649041917,0.0013681315706910147
TOPAZ_NAS4_E010,0.7059681560283687,0.016418581560283686,0.066219548136974,0.008714204478330564
TOPAZ_IOD1_E019,0.9466885074626866,0.00427686567164179,0.019389390717585688,0.0022851880022957604
TOPAZ_SPD4_E003,0.12675892156862748,0.20336813725490197,0.06061191363360161,0.043056075833011354
TOPAZ_SAM1_E006,0.541740879396985,0.0009684673366834171,0.055826534094690634,0.0014971220004091142
TOPAZ_NAX4_E001,0.7448312765957448,0.003561489361702128,0.04995825298109907,0.0020916042694782374
TOPAZ_NAD3_E001,0.5043286363636365,0.014116818181818185,0.10709899275035455,0.0052574513237392505
TOPAZ_SPS3_E001,0.46867184834123227,0.03167507109004739,0.10056150889376719,0.009431547764889478
TOPAZ_SPS4_E014,0.593735294117647,0.28677658823529406,0.11015988473004601,0.07991407371528263
TOPAZ_SPS3_E065,0.37982863874345546,0.17224178010471206,0.10087087111245088,0.03337038734874154
TOPAZ_SAD1_E033,0.8646851063829788,0.027785070921985816,0.0416949997702332,0.01907533027223828
TOPAZ_SOS2_E003,0.13209675675675675,0.12614324324324327,0.060774988367773425,0.03661208950045711
TOPAZ_SAD1_E010,0.8316804382470119,0.04650800796812749,0.0550707068955472,0.02078021758894168
TOPAZ_SPS3_E081,0.44306286363636366,0.012702318181818181,0.08166410318816254,0.005910933058835386
TOPAZ_MSD1_E013,0.9115650675675676,0.004053108108108108,0.05315686498718398,0.0025364645674296636
TOPAZ_SPS3_E055,0.5072685396039603,0.03778143564356436,0.07973791527108126,0.011909344069122755
TOPAZ_IOS1_E037,0.9308517647058822,0.003692058823529412,0.08590187353194095,0.002729421161875304
TOPAZ_SPS3_E030,0.46116363013698636,0.04602958904109589,0.09403785786673668,0.019503122401111996
TOPAZ_NAS1_E018,0.8708311510791367,0.017491486810551557,0.043607712682387334,0.01030876652823988
TOPAZ_SPD1_E023,0.552947661795407,0.0025252400835073067,0.06476810858218411,0.00505101770422696
TOPAZ_SPS3_E085,0.4010452588555858,0.06610820163487739,0.09143646400197065,0.022772618137148367
TOPAZ_SAD1_E035,0.8101701818181817,0.013865454545454544,0.04572604390143578,0.01167128337855265
TOPAZ_IOS1_E016,0.895073574879227,0.00791647342995169,0.0637690610001702,0.0053613852514542756
TOPAZ_SOD1_E003,0.8781790384615384,0.017145923076923072,0.041197593808545485,0.00833242528145353
TOPAZ_SPS3_E018,0.6401452348993288,0.020033624161073824,0.07991369240417849,0.007155366382898237
TOPAZ_SAS1_E042,0.7314202564102563,0.01208128205128205,0.11156100696163167,0.006697001694017842
TOPAZ_NPS3_E015,0.8244141803278687,0.002210327868852459,0.04269809606920073,0.002594759831087765
TOPAZ_SAD1_E037,0.8140328571428573,0.0,0.05931138532443679,0.0
TOPAZ_IOS1_E028,0.8728539655172415,0.001358103448275862,0.03745645761458622,0.0014273093288887791
TOPAZ_NAS4_E003,0.5314550103092783,0.005716494845360825,0.09520534734532626,0.0050282021630242224
TOPAZ_NPS1_E020,0.8186863503649635,0.023530364963503646,0.051989788383577935,0.007745534377078813
TOPAZ_NPD2_E002,0.8177998333333333,0.00642225,0.050247488726358806,0.008033546068673535
TOPAZ_SAS1_E018,0.6000965546218487,0.11848826330532211,0.07734844807610577,0.035881986856045094
TOPAZ_SPD1_E009,0.5530919537815127,0.0021368907563025213,0.061285881489313944,0.0032958107475800453
TOPAZ_NAX3_E003,0.7260732258064516,0.00849927419354839,0.06815966022164177,0.004295753186688794
TOPAZ_SAD1_E009,0.8165700869565217,0.013714260869565219,0.0617001397714667,0.007863265397692982
TOPAZ_SAS1_E025,0.8370412396694215,0.043631487603305784,0.05994613281070838,0.019588501883796502
TOPAZ_NPD3_E009,0.3887904901960784,0.017354248366013073,0.07843488370063575,0.009605743461158136
TOPAZ_SPS3_E022,0.5571742857142858,0.009893928571428571,0.08767686017532836,0.004686996707674873
TOPAZ_SPS3_E040,0.5006276391982183,0.0361911135857461,0.10425605014887568,0.01743409303910673
TOPAZ_NAD3_E004,0.6489131746031747,0.013659920634920634,0.06637743847971421,0.007150160559417335
TOPAZ_IOD3_E002,0.8101817543859651,0.0,0.08244762195080693,0.0
TOPAZ_NAX3_E006,0.7280070786516855,0.005998033707865168,0.058033051590098056,0.0028654823032649235
TOPAZ_IOD1_E007,0.9177584615384615,0.0,0.02290685185126276,0.0
TOPAZ_RSS1_E008,0.7803431081081081,0.003217364864864865,0.08624643800597241,0.0035411109421636974
TOPAZ_IOD1_E016,0.747478986784141,0.002199515418502202,0.05397348406201676,0.001962796313605923
TOPAZ_MSD1_E008,0.825008322580645,0.013418129032258065,0.06465046392887311,0.005768497851886716
TOPAZ_NAS1_E011,0.8187684153005464,0.011060765027322403,0.04583314634678821,0.004214347918300271
TOPAZ_SPS1_E040,0.8188000000000001,0.005747414965986394,0.03323692043905555,0.006418155486447129
TOPAZ_SOS1_E001,0.7950752851711027,0.0,0.037559936808460676,0.0
TOPAZ_SPD1_E013,0.9219233333333333,0.0073071794871794864,0.021400246384075703,0.0035910272430172466
TOPAZ_SPS3_E006,0.4939109195402299,0.03132218390804598,0.08761044554623391,0.015008954662405101
TOPAZ_SPS1_E060,0.8599706842105264,0.010303526315789473,0.03655087127704076,0.004521351298571806
TOPAZ_SPS1_E012,0.8950576666666668,0.009526466666666667,0.026538059422061906,0.014700223814018011
TOPAZ_NPS3_E017,0.5183072649572649,0.010865555555555557,0.08690979888911773,0.004947574981304632
TOPAZ_NAS3_E015,0.41544840909090913,0.14571780303030302,0.09013928277805264,0.027740501740956144
TOPAZ_RSS3_E001,0.7817613333333335,0.0028636666666666663,0.04488012238050258,0.0023740267947565843
TOPAZ_NAM1_E002,0.8232062,0.0,0.06092442081431715,0.0
TOPAZ_MSD1_E015,0.7661222222222223,0.0032696296296296297,0.13452820724000553,0.005037807784168943
TOPAZ_NPS1_E004,0.8646871739130435,0.007985072463768115,0.06977128176696008,0.006369704591969073
TOPAZ_NAS4_E013,0.37020315789473685,0.042951578947368424,0.08837958533046869,0.013715166312539176
TOPAZ_SPS1_E066,0.8044887704918033,0.03313926229508196,0.06858702044773593,0.012795800615444806
TOPAZ_SPS1_E041,0.7910324277456647,0.0016071676300578035,0.03784028667756304,0.0019467345003042224
TOPAZ_NPS3_E021,0.4718278195488722,0.009544736842105262,0.0749773737834032,0.005088518748226116
TOPAZ_RSS3_E002,0.5829891406250001,0.016025234375,0.08146021268105508,0.007149633400221885
TOPAZ_SPS1_E039,0.7964085245901639,0.002660655737704918,0.05932492970672963,0.0017295245900862408
TOPAZ_MSS3_E016,0.46798632142857144,0.14261382142857143,0.08847962275314888,0.026992376278912496
TOPAZ_SPS1_E093,0.7923600534759359,0.011648663101604279,0.04077419216926271,0.011284143236729771
TOPAZ_IOD3_E013,0.8137216734693878,0.008450081632653062,0.07850050605878418,0.012510225466306589
TOPAZ_IOS4_E008,0.435075,0.14815264214046822,0.10372059767563352,0.037319215844923155
TOPAZ_IOS2_E001,0.6054868965517243,0.03965034482758621,0.11960485303564798,0.02537971162070325
TOPAZ_SPS1_E063,0.8797486249999998,0.008613,0.027252329246495146,0.003784171771999786
TOPAZ_SPS3_E068,0.4220676282051282,0.1534480769230769,0.10090955083074035,0.03753303278643932
TOPAZ_NAS3_E010,0.5927009615384615,0.037270769230769225,0.10377761038096386,0.016303970593097614
TOPAZ_MSS3_E011,0.4616333718689788,0.01515290944123314,0.0738290662380236,0.006591041024423487
TOPAZ_SPS2_E023,0.5024327659574469,0.3604678723404254,0.08988313120562835,0.09787022442763488
TOPAZ_MSS1_E031,0.8253058075601375,0.04529848797250859,0.061379594952895564,0.021998257501651394
TOPAZ_NAS1_E035,0.748038547008547,0.00212474358974359,0.04918080620265915,0.001888764389001382
TOPAZ_NAX1_E004,0.8501883783783782,0.009167297297297297,0.10984553962609825,0.0057468570252244035
TOPAZ_NPD3_E015,0.6157311564625851,0.03860292517006803,0.0817138207988523,0.010929220348669645
TOPAZ_NAD2_E002,0.7096225252525251,0.007781515151515151,0.060364160805768806,0.0050771700070091665
TOPAZ_NPS1_E025,0.8681406279069768,0.016906651162790696,0.04720780045738561,0.01002468592301309
TOPAZ_NAX3_E005,0.44244752913752916,0.09897631701631701,0.1080363496368046,0.026484750794826623
TOPAZ_SPS1_E050,0.8295016603773584,0.015864830188679246,0.05759173517649362,0.008232484623998497
TOPAZ_MSS4_E007,0.7352432142857142,0.0038199999999999996,0.10986075358814029,0.0024166712643634426
TOPAZ_SAS3_E009,0.6448235416666667,0.021677083333333333,0.11660446592165011,0.009282522322069699
TOPAZ_MSS3_E014,0.5989825806451613,0.03266497695852535,0.09608710170505508,0.011889735305911161
TOPAZ_NAX1_E008,0.8066519047619048,0.004738843537414965,0.07341243794719989,0.006716589424144241
TOPAZ_MSS1_E007,0.8873545142857144,0.0018967428571428572,0.027817179125108418,0.002660832998924071
TOPAZ_SAD1_E005,0.7910856896551723,0.009486724137931033,0.09509367639355214,0.005677254493069034
TOPAZ_SAS1_E038,0.8752362500000002,0.011032767857142856,0.059607254301819554,0.0071236641867868595
TOPAZ_NAD1_E006,0.8085513690476192,0.0007853571428571429,0.0783425069496089,0.001830425039391106
TOPAZ_NAX3_E001,0.39714726224783853,1.8443804034582133e-06,0.09357183414644948,3.43074586517363e-05
TOPAZ_IOS1_E015,0.8438307500000001,0.017226916666666665,0.029592582408505118,0.01107299295552271
TOPAZ_MSD3_E003,0.5695669047619047,0.0018467857142857144,0.08089947802786743,0.0017053830464250587
TOPAZ_IOS3_E009,0.4303032857142857,0.009536571428571426,0.07287552847583785,0.004742035694784704
TOPAZ_SPS3_E004,0.63708731092437,0.00384344537815126,0.08290450573859341,0.0026242737088797152
TOPAZ_MSS1_E009,0.8261126226734349,0.019665313028764803,0.049847331468624315,0.010620435487507759
TOPAZ_SAS4_E007,0.8232071999999999,0.012830600000000001,0.03203104619209307,0.004487087879683214
TOPAZ_NAS4_E002,0.7398669230769228,0.0018700000000000001,0.05974892575598395,0.002242321942163456
TOPAZ_SPS2_E010,0.5165014371257485,0.02727736526946108,0.09618214502643807,0.010672749237742257
TOPAZ_NPS1_E018,0.8196593197278912,0.006497006802721089,0.03481704844070307,0.00693973067121984
TOPAZ_SAS4_E006,0.6312171428571428,0.0024358095238095237,0.05684604724230903,0.0020507498191787506
TOPAZ_NAS2_E005,0.7312789855072463,0.0012452173913043477,0.06260202712708335,0.0013572057918520217
TOPAZ_SAS4_E003,0.37815331053351575,0.00011098495212038304,0.11738635173294933,0.0004559764118303208
TOPAZ_NAS1_E009,0.8225240145985401,0.014683430656934308,0.044525427254594276,0.006192812933248786
TOPAZ_SPS3_E093,0.4290925396825397,0.2050770634920635,0.08577988723394006,0.03824059674991513
TOPAZ_SAS3_E014,0.7060591,0.014747700000000004,0.04405251500414023,0.007053999695917204
TOPAZ_NAS1_E016,0.7557925436408978,0.01273573566084788,0.037314089655205634,0.007111020179970681
TOPAZ_SPS3_E066,0.564647192982456,0.002760175438596491,0.06318701034493703,0.0023289772555653257
TOPAZ_NPD3_E005,0.7026760869565218,0.006964999999999999,0.07760298981460928,0.004242993585337761
TOPAZ_NAS3_E001,0.5624128,0.00947504,0.07626986950664069,0.006982990605635954
TOPAZ_SAD1_E021,0.6823010714285714,0.07576892857142857,0.05304640140879933,0.012983639523670251
TOPAZ_NAS3_E006,0.4833985185185185,0.004503703703703703,0.11514703867804735,0.002642663006147465
TOPAZ_SOD1_E006,0.7387744444444445,0.004579444444444445,0.0565931960081208,0.0026168590103876274
TOPAZ_SPS1_E086,0.7793088636363636,0.014078762626262627,0.046174099822473516,0.010710998912861978
TOPAZ_NAD3_E005,0.7443444186046512,0.0009190697674418603,0.10955494208975643,0.001002463973611181
TOPAZ_SPS3_E078,0.899331891891892,0.009683243243243241,0.07743999193230072,0.0035859403034283273
TOPAZ_IOS2_E007,0.4246923774689099,0.01723655449890271,0.08744312702001344,0.014751874463902848
TOPAZ_SPS4_E025,0.07563813953488373,0.040691162790697684,0.036893732262534784,0.008668308815316009
TOPAZ_SAD1_E012,0.7238519819819822,0.140940990990991,0.07742537143609769,0.025051032920206866
TOPAZ_SAD1_E013,0.8023131132075471,0.006291320754716981,0.05550807766074193,0.004017292121747687
TOPAZ_NPS1_E021,0.7733562732919255,0.008273809523809524,0.041789989858388756,0.005478004576647655
TOPAZ_NAS4_E006,0.8327901818181818,0.052136727272727265,0.04245607550445129,0.02879432829597747
TOPAZ_SPS3_E083,0.48231231250000006,0.008423749999999999,0.07596661382000217,0.004268089846465277
TOPAZ_RSD1_E001,0.8230075000000001,0.007440104166666667,0.06055223783024043,0.0037492897924117094
TOPAZ_SAD3_E003,0.6895340000000001,0.0034325333333333325,0.0634501970367311,0.002222854077281927
TOPAZ_MSD4_E001,0.8762446875000001,0.0,0.08780073693399358,0.0
TOPAZ_NPD3_E002,0.1555770967741935,0.7300696774193548,0.07839011430405965,0.07611227710233345
TOPAZ_SAS3_E004,0.34181565217391296,0.15982434782608693,0.07746933744609874,0.03060646821362158
TOPAZ_SPD4_E002,0.07518400000000001,0.2455337777777778,0.043353953832250276,0.04199429280212511
TOPAZ_MSD2_E001,0.70939004784689,0.006362057416267943,0.06499356554458809,0.0031633320928599524
TOPAZ_IOS1_E020,0.8698783620689655,0.00018612068965517242,0.07510293372000634,0.000539895857696783
TOPAZ_SAS2_E005,0.7638682432432432,0.1397768918918919,0.0798786186146122,0.05311320108531262
TOPAZ_SPS2_E021,0.5792795620437956,0.018136204379562045,0.06643410536774447,0.006928970929944072
TOPAZ_MSS1_E025,0.7678261658031088,0.028054922279792747,0.06987271611152328,0.008279742563090836
TOPAZ_IOS1_E042,0.8650849197860961,0.0011816042780748662,0.05329498765817986,0.0015912295026284469
TOPAZ_NPD3_E001,0.41494742574257426,0.026413564356435642,0.07968518766977499,0.009436725139303843
TOPAZ_SPS1_E022,0.7794102380952381,0.0113075,0.028863580610478595,0.005508083210588045
TOPAZ_IOS1_E011,0.8868819565217391,0.0,0.11660338550569369,0.0
TOPAZ_NPD1_E002,0.8726301063829789,0.0,0.07123281776389608,0.0
TOPAZ_MSS3_E012,0.6785893103448276,0.0042325,0.06360348779641886,0.0046104997999319355
TOPAZ_IOS1_E023,0.9143901587301587,0.00495047619047619,0.10467674629190821,0.010822776017530048
TOPAZ_SPS1_E053,0.5579951612903226,0.0,0.0821428420642562,0.0
TOPAZ_IOS1_E006,0.808874450867052,0.007667109826589595,0.050098364012426344,0.005838227448411308
TOPAZ_SAD1_E024,0.8664836032388664,0.023569676113360322,0.04571106942069361,0.012286538958193672
TOPAZ_IOF1_E001,0.91793703125,0.013627265625000001,0.023106992223654366,0.011826386461719546
TOPAZ_SPS2_E011,0.6989488235294118,0.01235911764705882,0.05797053875307526,0.005055691823053357
TOPAZ_IOS1_E010,0.8250628461538462,0.019541,0.051494940755746774,0.020099641743841337
TOPAZ_SAS1_E022,0.4132130729166666,0.19078609375,0.12851474629004517,0.060267496974007836
TOPAZ_SPS3_E046,0.45843757281553404,0.16507660194174759,0.09428817788187199,0.03617337138270449
TOPAZ_MSS3_E010,0.5795227556818182,0.03888318181818182,0.09415632768269114,0.013722456383396336
TOPAZ_SOD4_E001,0.7832034782608696,0.20068173913043474,0.07098135858211344,0.07695691212011031
TOPAZ_SAM1_E003,0.05269794520547945,0.08574972602739726,0.03486040050221856,0.028565905723221045
TOPAZ_NAS3_E013,0.7721640350877194,0.0,0.09721696247306844,0.0
TOPAZ_NAS2_E003,0.6590736597938144,0.008128505154639174,0.08621827684051786,0.0035243647277927287
TOPAZ_MSD1_E001,0.8367154545454546,0.001462121212121212,0.03506239776333902,0.0013640964543692549
TOPAZ_IOS1_E039,0.8239930578512398,0.006210330578512396,0.04754880679722288,0.0033453376792542946
TOPAZ_MSS1_E018,0.7574636877828054,0.04454649321266969,0.06228703293378467,0.01362670532019527
TOPAZ_IOS3_E021,0.5449649122807018,0.01869175438596491,0.08958366637469499,0.007288637184676514
TOPAZ_NPS3_E014,0.4441804943820225,0.0684825617977528,0.11161347896825023,0.01860323770778821
TOPAZ_NPD1_E007,0.8367346842105264,0.019129263157894736,0.06667710780245555,0.014966083884085534
TOPAZ_RSS1_E002,0.7484504035874441,0.002229282511210762,0.05186455378482495,0.0022193206705145305
TOPAZ_IOS1_E027,0.9089151748251749,0.004011678321678322,0.04109216488795919,0.003211155595756677
TOPAZ_IOS3_E012,0.5409605949008499,0.031531614730878184,0.11607249820028985,0.013375577844032236
TOPAZ_SPS1_E008,0.8147382236842106,0.006482828947368421,0.07214578927879639,0.0075478976175108
TOPAZ_IOD1_E005,0.8277152631578948,0.004298830409356725,0.05177579129392456,0.003838935316341222
TOPAZ_NPS4_E004,0.6567956321839079,0.3026085057471265,0.09952325600918263,0.07885423092357707
TOPAZ_NPS1_E024,0.8091510924369749,0.007005630252100841,0.05962544923340681,0.005288122514544525
TOPAZ_MSS4_E004,0.31663011904761906,0.020235535714285716,0.09473826111468082,0.007003675970086179
TOPAZ_IOS1_E030,0.8619765679012347,0.009937555555555557,0.05004249548527269,0.004563259469683301
TOPAZ_SPD4_E004,0.10174021390374334,0.2780868449197861,0.044803952926223016,0.04853887268677779
TOPAZ_NPS4_E006,0.4567748803827751,6.339712918660287e-06,0.09812126206629886,0.00010298069406987778
TOPAZ_SPS4_E023,0.6190287931034483,0.3360756034482758,0.10723645652092431,0.07401188741063239
TOPAZ_SPS1_E078,0.7573523316062176,0.007691191709844559,0.041923665571823754,0.0033462821577550077
TOPAZ_SPS3_E070,0.5685754929577466,0.02078887323943662,0.08076703681010981,0.009161877211334745
TOPAZ_MSS1_E029,0.8599695744680852,0.01076617021276596,0.0626999797739099,0.005697571731062461
TOPAZ_SPS3_E034,0.5731605084745762,0.004093898305084745,0.0824754526073807,0.0029617488059688894
TOPAZ_NAS3_E007,0.5007647854785479,0.0406666501650165,0.0923756392165356,0.017302332408244973
TOPAZ_MSD1_E009,0.801796694214876,0.008010909090909091,0.08002091046336472,0.004966701517802549
TOPAZ_NAX1_E010,0.8924487826086956,0.0050613478260869565,0.06379348681007743,0.003068368410915477
TOPAZ_SAS1_E028,0.7920887179487179,0.007222264957264957,0.048338337168718236,0.003865921512844365
TOPAZ_NAS1_E025,0.8412726943005182,0.014587823834196892,0.06737624006564356,0.00509228019104361
TOPAZ_SPS4_E006,0.5104273481781377,0.14470850202429147,0.08602152208602322,0.030311918364268216
TOPAZ_SOS1_E006,0.8856883568075117,0.012800563380281689,0.04806569522916836,0.012860746941339584
TOPAZ_NPS1_E022,0.7402818163265307,0.02605326530612245,0.0453373885234861,0.011184891939805357
TOPAZ_RSS3_E008,0.4874661320754718,0.03074254716981132,0.10524723907615044,0.012108794952844778
TOPAZ_SPS1_E044,0.4337978571428571,0.019133095238095237,0.09390810679381541,0.007576409970332172
TOPAZ_SPD1_E008,0.8133446875000001,0.01378265625,0.049051002537179034,0.006922409430201015
TOPAZ_MSS1_E024,0.8568483743842366,0.0185271921182266,0.04063677387482221,0.010907113622942608
TOPAZ_IOD3_E010,0.8268051515151515,0.0025660606060606064,0.0494997669796298,0.0015113438519248849
TOPAZ_SPS3_E075,0.5191331967213114,0.04584139344262295,0.09650288228318002,0.016402179765622076
TOPAZ_SPD3_E004,0.5803655208333334,0.0025128125,0.09647339706569577,0.0018960379210809797
TOPAZ_IOS3_E013,0.4567198214285714,0.0013058928571428572,0.07164957490381003,0.0016531860762800186
TOPAZ_RSS1_E003,0.773773119266055,0.002189633027522936,0.05519518235686693,0.0014316923498424012
TOPAZ_IOS4_E002,0.6424125225225223,0.010005990990990992,0.09766063591873286,0.01104624124485603
TOPAZ_NPS4_E005,0.44504207100591714,0.0837766272189349,0.08011565608636556,0.017721021678628098
TOPAZ_NAD1_E001,0.8268357142857142,0.014334464285714285,0.08180544154004198,0.009383308303205763
TOPAZ_NPD3_E017,0.5356591071428571,0.04211821428571429,0.11200920001983658,0.011731179725995397
TOPAZ_SAS3_E005,0.4615563636363636,0.06101178977272728,0.11813806248057068,0.015422513223410088
TOPAZ_SAD3_E001,0.4431189804772234,0.061008741865509766,0.1174569364296825,0.013303819316098878
TOPAZ_SPS3_E061,0.5167072131147541,0.038741639344262294,0.09323210547999691,0.01622131922232438
TOPAZ_SPS2_E025,0.7382480597014925,0.21796537313432837,0.06878770304542152,0.05639409494143652
TOPAZ_SPS3_E041,0.3426268867924528,0.1920010377358491,0.09999114966367101,0.03813801134433287
TOPAZ_NAS1_E040,0.7492075862068965,0.0,0.06608296293845584,0.0
TOPAZ_SPS1_E091,0.8207595035460993,0.004976170212765958,0.03227504688651255,0.0054996392737379045
TOPAZ_MSD1_E004,0.8365290833333333,0.04039249999999999,0.07209464065837155,0.020654886195522842
TOPAZ_SAD1_E011,0.8316012332112334,0.0,0.045482769061113384,0.0
TOPAZ_NAD3_E007,0.5847778086419753,0.02668688271604938,0.09776747708280203,0.01205856195891984
TOPAZ_SPS3_E043,0.5699925229357798,0.019187935779816517,0.08846200806650124,0.011022157868930153
TOPAZ_NAS1_E032,0.8855850406504064,0.01531430894308943,0.042090199588753575,0.009884242948692723
TOPAZ_IOS3_E023,0.49270873684210525,0.05945336842105264,0.0994725569374166,0.014525085821688759
TOPAZ_SPS4_E003,0.5776040476190477,0.3293419047619047,0.09930653086132865,0.0904914264615082
TOPAZ_NAX3_E004,0.38304339506172846,0.1171993209876543,0.091665305687968,0.025729621305062095
TOPAZ_NAS1_E024,0.8457403809523809,0.01707152380952381,0.0844884328281667,0.014740183224354041
TOPAZ_SAD4_E002,0.8029560606060606,0.005646666666666667,0.03383590543494274,0.0033305643044172837
TOPAZ_SPS3_E049,0.7366144117647059,0.006716470588235294,0.053581873591683545,0.0024460230415356233
TOPAZ_SPS3_E053,0.30046964285714284,0.5650485714285713,0.12078434712572128,0.12009307594868375
TOPAZ_NPS3_E011,0.3380727922077922,0.19922123376623377,0.08822925338340558,0.03767354639303911
TOPAZ_IOS1_E018,0.8772719215686274,0.0024281176470588237,0.0582736906148581,0.001828254601558534
TOPAZ_IOS2_E004,0.40966302325581394,0.013317302325581397,0.07263115891460448,0.007695435202450272
TOPAZ_MSS3_E021,0.5082384285714288,0.03257742857142858,0.08863499397022621,0.008110044334160006
TOPAZ_MSS4_E009,0.5841330903790087,0.007095655976676384,0.05901229000632551,0.004290525200239809
TOPAZ_SPS1_E064,0.7740906513409961,0.011197796934865901,0.03933091142890828,0.010340333109946939
TOPAZ_NPS3_E008,0.44437102409638557,0.0867612048192771,0.07403772397800187,0.018356228180272816
TOPAZ_SAS1_E036,0.7816642009132421,0.046084817351598174,0.046516411221696106,0.012165328018124187
TOPAZ_MSS3_E019,0.8051823076923076,0.004013589743589743,0.09827687331212714,0.00383162848633981
TOPAZ_NAS1_E022,0.7897615,0.0029343750000000004,0.06974096389676587,0.001855427742967912
TOPAZ_SPS3_E092,0.7441708730158731,0.07799357142857141,0.07220788671056713,0.03270299477729262
TOPAZ_NAD3_E006,0.5227129439252336,0.03579415887850467,0.1222707628612789,0.010218243077077109
TOPAZ_IOS4_E010,0.5139692717815345,0.023110104031209364,0.10700403506964686,0.015132739178605276
TOPAZ_NAS1_E013,0.8311474468085106,0.023349175531914894,0.0522135236096601,0.01035623183808098
TOPAZ_IOS4_E003,0.7676211538461538,0.01261673076923077,0.07415615000311185,0.006331568562842571
TOPAZ_SPS1_E029,0.8057178301886792,0.009493679245283021,0.07610862844998063,0.006148371363655444
TOPAZ_SPS3_E060,0.34306643835616435,0.032381917808219175,0.07699489932171655,0.009915740448941711
TOPAZ_NPD1_E013,0.8028622321428571,0.007503303571428571,0.08295967250406563,0.004184215319079052
TOPAZ_NPS1_E008,0.8601009641873278,0.010018842975206612,0.03793310004778982,0.006241866402123229
TOPAZ_SAS2_E003,0.03610557692307693,0.02988076923076923,0.029230790629420307,0.019572444802888837
TOPAZ_SOD4_E004,0.8125350344827585,0.026842551724137936,0.04683102767690106,0.008776460819896975
TOPAZ_IOS2_E008,0.7072736507936507,0.09455190476190477,0.12448755449112028,0.035479309054363736
TOPAZ_NAD1_E010,0.7667988205128203,0.05383087179487179,0.035422394584443184,0.016205840186890978
TOPAZ_SPS3_E073,0.5936926666666666,0.0281728,0.08155396554974435,0.010395064156928839
TOPAZ_SPS1_E052,0.7935811494252875,0.000266551724137931,0.04793874735044081,0.000939472617508755
TOPAZ_NPS1_E003,0.8889127272727274,0.0,0.07555640297112959,0.0
TOPAZ_SOS3_E001,0.8475601428571429,0.03374428571428571,0.03883320918613189,0.008866016269429913
TOPAZ_NPS3_E019,0.3968964,0.04348544000000001,0.08053597045196638,0.013834656165094961
TOPAZ_IOS1_E002,0.8000701204819276,0.02543024096385543,0.04133462583302973,0.007171293001644152
TOPAZ_IOS1_E024,0.8738641304347824,0.0029932608695652173,0.02899217942346034,0.0021451756331742305
TOPAZ_SPS3_E052,0.4054371527777778,0.07722180555555555,0.07000303060565777,0.020899174048431574
TOPAZ_SPD1_E015,0.7873151219512194,0.05232365853658537,0.050167657306468626,0.009407091449642621
TOPAZ_SPS4_E001,0.6732078233438485,0.025101577287066246,0.055332797183569774,0.016571165201160504
TOPAZ_MSS1_E013,0.7997371028037383,0.01094626168224299,0.07238134803899898,0.00422149429258924
TOPAZ_SPS4_E033,0.23094020512820512,1.2051282051282051e-05,0.08710591641036856,0.00015062077696245064
TOPAZ_RSS1_E007,0.8298991028446389,0.011863522975929979,0.043745018390523444,0.006810422220916456
TOPAZ_MSS1_E017,0.8025038281250001,0.005920390625,0.05930339059553601,0.0036248556872877174
TOPAZ_SPS1_E042,0.8171760975609756,0.0,0.11650745793940695,0.0
TOPAZ_SPS3_E076,0.40931460144927534,0.011109057971014495,0.08399546659730588,0.00571254453414679
TOPAZ_SPS3_E005,0.44936882352941176,0.0028058823529411763,0.09651990610794492,0.0019262324055722914
TOPAZ_SPS2_E007,0.24876931034482763,0.0,0.07745647462667883,0.0
TOPAZ_IOS2_E003,0.6107586538461538,0.0023234615384615386,0.06267637685360859,0.003001520694463049
TOPAZ_SPS1_E092,0.8501725714285714,0.0,0.06291173473743567,0.0
TOPAZ_IOS3_E006,0.3808071296296295,0.053167685185185186,0.08116158917555591,0.013154016539563641
TOPAZ_NPD3_E011,0.5083737931034482,0.0019037931034482757,0.11179230296784187,0.001754001167367015
TOPAZ_SAD1_E003,0.8068288494318181,0.06995305397727272,0.05187998815787664,0.024671727013458784
TOPAZ_IOD2_E002,0.2519646428571429,0.0,0.12947314082967562,0.0
TOPAZ_SPS3_E047,0.6768037777777779,0.013711999999999998,0.0695517982606054,0.005814585721365806
TOPAZ_MSS4_E002,0.49928014705882356,0.0907164705882353,0.11772590129934482,0.026101718490005366
TOPAZ_NPS2_E001,0.7290607317073171,0.0035313414634146343,0.062249742575243766,0.002024612436381116
TOPAZ_SPS4_E043,0.7473870731707317,0.0028595121951219514,0.10643137562891375,0.0019725530704406756
TOPAZ_SPS4_E041,0.2444821534800714,0.20727198691255205,0.09260819933686573,0.044843070640974494
TOPAZ_NPS1_E002,0.8952996335078536,0.0010068586387434555,0.028213730651012504,0.0029058431071313996
TOPAZ_IOS1_E041,0.7465447302904564,0.003070082987551867,0.04537071477690307,0.0028954750778970666
TOPAZ_SPD1_E020,0.7666762721893491,0.005482899408284024,0.0615275681873595,0.0029202250047964972
TOPAZ_SAS1_E020,0.7837270658682636,0.0321377245508982,0.05387280635945714,0.019695276544786693
TOPAZ_MSD1_E005,0.8100169999999999,0.029279299999999998,0.09403745869067284,0.009897134257450486
TOPAZ_IOS3_E016,0.5476020930232558,0.016433372093023254,0.09064127576531257,0.00839914774337463
TOPAZ_IOD3_E014,0.6813346153846153,0.00972846153846154,0.048268696542145335,0.005326395104817448
TOPAZ_SPS1_E005,0.8386172727272726,0.040991818181818185,0.07261552130147038,0.01884832903570013
TOPAZ_SAS1_E023,0.7829024793388429,0.0,0.07526393584234736,0.0
TOPAZ_NPD1_E001,0.8827550344827586,0.010944620689655172,0.026289483858579932,0.004508485489368664
TOPAZ_NAS1_E027,0.8377143564356435,0.005014059405940594,0.05686068074412084,0.007542004838673199
TOPAZ_SAS1_E017,0.7692157142857142,0.011287714285714285,0.09325699371048998,0.004633242669303332
TOPAZ_SAS1_E039,0.7640153982300885,0.007176637168141593,0.05745195062094191,0.002710893334984388
TOPAZ_NPS2_E005,0.5398403448275862,0.012374367816091952,0.07037566200988357,0.009020235450854331
TOPAZ_SPS1_E037,0.7360593103448276,0.05819672413793104,0.09535828560752933,0.012328303486487288
TOPAZ_NPS4_E002,0.685643076923077,0.0,0.11121765655233923,0.0
TOPAZ_NPS3_E010,0.29927507936507936,0.014061666666666665,0.07206163816369268,0.005405393654078818
TOPAZ_SOS3_E002,0.3939808910891089,0.09960940594059405,0.08624504707373354,0.022703292421492667
TOPAZ_NPS3_E006,0.5011685840707963,0.032963008849557524,0.09826637076219873,0.015016105938441363
TOPAZ_NPD3_E018,0.48093719626168224,0.05245373831775701,0.11538790525059531,0.01740847765992751
TOPAZ_NAS1_E003,0.8185078378378378,0.01054891891891892,0.048695624429390974,0.005466425673333034
TOPAZ_SOS1_E003,0.7297541791044776,0.0055394776119403,0.0683499377140913,0.0031414492608434724
TOPAZ_SAS1_E011,0.8708903092783505,0.01830807560137457,0.04393167909082691,0.0076533291101658005
TOPAZ_SAD1_E016,0.7947376068376069,0.0024364957264957263,0.052597732437060805,0.004106100176595567
TOPAZ_NPS1_E014,0.8680943396226416,0.0,0.026317530387480838,0.0
TOPAZ_SOD4_E003,0.9012514705882353,0.02809529411764706,0.13927029388782833,0.019740014040655077
TOPAZ_SPS3_E067,0.6305656338028168,0.018093239436619724,0.08849868422245234,0.0061618670059494255
TOPAZ_SPS4_E017,0.5728982258064516,0.023535322580645158,0.06317676769101514,0.01157530515416638
TOPAZ_MSS1_E019,0.7841864705882353,0.015219495798319329,0.04536194504352175,0.0065314433846552725
TOPAZ_SPS4_E016,0.5643371217712178,0.03269601476014761,0.08761532038761,0.013026284964832527
TOPAZ_SPS3_E024,0.429127,0.04615216666666666,0.08527739032709666,0.01350457269368005
TOPAZ_SPS3_E025,0.5359278947368421,0.04157889724310776,0.09033337434403686,0.01526980752470611
TOPAZ_SPD1_E018,0.8076788372093022,0.01074217054263566,0.08078607185415479,0.0067715883839933036
TOPAZ_NAS3_E012,0.5232679661016949,0.045456440677966094,0.08461380207122242,0.011025950093611882
TOPAZ_NPS3_E009,0.4933362659846547,0.061184961636828655,0.08917424108172797,0.025547052721358855
TOPAZ_MSD2_E003,0.7391104615384615,0.0006650769230769231,0.10161126116317815,0.0007731854650170355
TOPAZ_NAX1_E023,0.6706962,0.0068364,0.08880672958486874,0.004032013273787675
TOPAZ_SPS4_E040,0.5627017624521073,0.03500827586206896,0.08757026999900343,0.014284325268221269
TOPAZ_SPS1_E077,0.8393911570247935,0.045780991735537194,0.0462725136124748,0.02353845815340506
TOPAZ_IOS1_E007,0.9078897368421052,0.000958421052631579,0.02926118279140131,0.0009154220376008039
TOPAZ_NAD1_E009,0.8471375510204082,0.0,0.0665347445073291,0.0
TOPAZ_SPS1_E045,0.9207858333333334,0.009882604166666666,0.08054392244642396,0.01819273030434545
TOPAZ_MSS1_E023,0.8604614878048781,0.031468048780487805,0.03388669523762829,0.02341993115312538
TOPAZ_SOS1_E007,0.8255310207100592,0.08293711538461539,0.05745197391302173,0.024348656648454335
TOPAZ_SPS1_E056,0.8571366847826086,0.0029214673913043475,0.03339537247278865,0.0023554194030265744
TOPAZ_MSD1_E018,0.8540527717391305,0.013865978260869563,0.04354116316315024,0.006608040237629921
TOPAZ_SPD4_E005,0.47132192307692305,0.450666923076923,0.06629968708704619,0.09008275134859363
TOPAZ_SAS4_E004,0.6740853191489361,0.0048270212765957445,0.06641191756839213,0.0031852238071562516
TOPAZ_NAD1_E007,0.8008888541666664,0.004353854166666667,0.0727028610720518,0.0022482888723944347
TOPAZ_NPD3_E003,0.7811071875000001,0.0013940625,0.05417486474569958,0.001308940075440335
TOPAZ_NAX1_E014,0.667542259414226,0.056866066945606704,0.06852621787547918,0.020242365852984237
TOPAZ_RSS4_E004,0.5106064310954064,0.05403257950530035,0.09856299794697157,0.014804908365832958
TOPAZ_SPS1_E055,0.8157047388781431,0.024656905222437138,0.04702660123559083,0.015323093243659386
TOPAZ_MSS1_E010,0.8022557894736841,0.010458045112781955,0.06384497249665425,0.00850611628321226
TOPAZ_IOM1_E003,0.8362106451612904,0.0,0.1309571611298774,0.0
TOPAZ_NPS1_E023,0.7544056185567011,0.06156829896907216,0.049714971960049634,0.01955523495427255
TOPAZ_SOD1_E008,0.8692043915343916,0.005784761904761904,0.07254130738785883,0.004339413630618355
TOPAZ_MSD1_E014,0.7734190066225166,0.0,0.0657485525311421,0.0
TOPAZ_MSD3_E004,0.8197558992805755,0.003372302158273381,0.05273869059866578,0.007232808375881776
TOPAZ_IOS3_E019,0.7656168627450981,0.002027450980392157,0.0553462654917486,0.0015945518063968172
TOPAZ_SPS1_E043,0.8575503381642513,0.03947492753623188,0.04379979881476794,0.026802089089922095
TOPAZ_SOS1_E009,0.8802321287128714,0.012081831683168317,0.046454081542995074,0.005778333559439494
TOPAZ_MSS3_E018,0.4568347433264887,0.08238464065708419,0.09727099168030545,0.018259775740311776
TOPAZ_SPS3_E063,0.467652380952381,0.4768788095238095,0.09974250449961078,0.11108851919168701
TOPAZ_NAX2_E001,0.6497993333333336,0.011316000000000001,0.10836891186846695,0.005204895516082272
TOPAZ_SPS1_E088,0.8698954101562499,0.022646914062500002,0.03415263934809647,0.010822037405312816
TOPAZ_NPM1_E001,0.8185458947368424,0.0004932631578947369,0.07770456027388187,0.000765234662468095
TOPAZ_SPM1_E004,0.5539861764705882,0.0,0.07319645117621747,0.0
TOPAZ_IOS1_E004,0.9201453164556962,0.013117721518987342,0.02282743784507455,0.00558582902958592
TOPAZ_SPS1_E087,0.8048545333333333,0.010505933333333332,0.038060050964875095,0.011073413391041124
TOPAZ_MSS4_E006,0.5648396632124353,0.005590777202072538,0.11964876165006617,0.006977894364251385
TOPAZ_SAS1_E012,0.8147050000000001,0.013834230769230772,0.06197496288825027,0.015751137241744928
TOPAZ_IOD1_E001,0.8352168733153639,0.00912797843665768,0.039603328223728244,0.004848705105108014
TOPAZ_NAX1_E006,0.8455328333333334,0.01533175,0.04589111170628676,0.012334413015522872
TOPAZ_SPS1_E030,0.8720970989761092,0.0250161433447099,0.03442993141015957,0.017605343815444173
TOPAZ_SPS2_E022,0.7956039285714286,0.0,0.11770444761408871,0.0
TOPAZ_SPS3_E012,0.7220507462686567,0.002092089552238806,0.06801065038003037,0.0015837547840057164
TOPAZ_SPS1_E017,0.7762547210300429,0.011208690987124462,0.04833270094580032,0.008850960872827437
TOPAZ_IOD3_E007,0.4127549418604651,0.031403139534883724,0.10132517522461507,0.009727891721880082
TOPAZ_MSS2_E003,0.4211784552845529,0.027611463414634146,0.08171400440255044,0.007203410064518374
TOPAZ_SPS1_E062,0.8589813559322034,0.027243220338983052,0.06175048876380031,0.009199728890750809
TOPAZ_SAS1_E033,0.806256037735849,0.012228364779874214,0.04456294056412622,0.007068204817252664
TOPAZ_IOS3_E024,0.5211047457627119,0.008409491525423729,0.09339366632529814,0.006744447414569578
TOPAZ_IOS1_E033,0.8638671863799283,0.0051510215053763445,0.03180243169628391,0.00521306078230128
TOPAZ_IOS1_E019,0.7594351602564101,0.021368429487179486,0.06392632173237194,0.010723012446646018
TOPAZ_IOF1_E003,0.8149912666666668,0.0056170000000000005,0.06809200040432226,0.005333661625312702
TOPAZ_SPS4_E004,0.2820493139841689,0.1799682585751979,0.10212040566842136,0.04110584811982277
TOPAZ_SPS1_E006,0.8260542222222224,0.013580962962962961,0.0586022936786186,0.008331663465943603
TOPAZ_NAX4_E002,0.17697176470588236,0.015405294117647059,0.1569164219365086,0.007200087922377434
TOPAZ_SPS1_E031,0.6978899326599326,0.03519777777777777,0.0689277317634642,0.023696783649497427
TOPAZ_NAS2_E004,0.5827593939393939,0.024567575757575757,0.09586283080493566,0.007843776351756978
TOPAZ_NAS1_E039,0.9501964444444446,0.0014868888888888892,0.11536735411825527,0.0012487163581894312
TOPAZ_SOD1_E007,0.9015238983050848,0.010192203389830509,0.03286481006693057,0.011441981511424719
TOPAZ_MSS1_E003,0.8856934177215192,0.009856867088607595,0.049854339701307426,0.004400318385495186
TOPAZ_IOS4_E015,0.6271476744186046,0.03712720930232558,0.06693289891661923,0.015205742386162277
TOPAZ_NPD1_E009,0.8190235164835162,0.012547362637362638,0.07934348173056718,0.008656391507056459
TOPAZ_SAD3_E006,0.11305527777777777,0.01938222222222222,0.039497262245918256,0.007238283678972796
TOPAZ_IOD1_E008,0.7999080859375001,0.010734648437500001,0.059407120711731515,0.0045233350564217335
TOPAZ_SAD1_E017,0.8469928706624605,0.020756719242902212,0.04372715016411869,0.010184443801493586
TOPAZ_SAD1_E042,0.7148740243284338,0.23202005575266094,0.0943549610332699,0.04336297726646541
TOPAZ_MSS1_E014,0.7855590710382515,0.007298907103825136,0.06249158978789864,0.004134599564610375
TOPAZ_SPS1_E024,0.9354060377358491,0.0015082075471698115,0.062492396242055305,0.00132603380614424
TOPAZ_NPS1_E016,0.6792871739130434,0.0,0.06722563743818094,0.0
TOPAZ_SPS1_E011,0.9046730000000001,0.005496000000000001,0.06469918071351445,0.0033145189696244005
TOPAZ_SPS3_E094,0.8273999029126214,0.0016536893203883496,0.051436142585425705,0.002316759114945285
TOPAZ_NAX1_E024,0.8138809259259259,0.017589444444444442,0.04444764552091075,0.01599204112429016
TOPAZ_MSS4_E003,0.5542006347150259,0.06168361398963731,0.11912679775888486,0.03991464822951881
TOPAZ_MSS3_E013,0.5054057314148681,0.026014364508393284,0.10189079344795113,0.012793893389011329
TOPAZ_SPS4_E047,0.8003490566037736,0.27621132075471694,0.0911985816519995,0.06466162545460567
TOPAZ_SPS3_E029,0.7369549333333334,0.0079536,0.06130855627883889,0.004360792478437835
TOPAZ_MSS3_E020,0.7489383098591551,0.0020930985915492955,0.09203008641522688,0.0016003613954083964
TOPAZ_IOD3_E005,0.5445379761904762,0.01709277777777778,0.0783934943007516,0.007229962747592111
TOPAZ_IOS4_E014,0.2008213963573287,0.2726652818733738,0.060227570562818446,0.042277547884221965
TOPAZ_MSD1_E011,0.8086414965986395,0.009023877551020408,0.07291595163750089,0.006312695495616781
TOPAZ_IOS4_E004,0.37661875,6.428571428571429e-06,0.07159366263011442,4.767556170275783e-05
TOPAZ_NPS1_E012,0.8276062420382165,0.01883503184713376,0.07290297900839242,0.008326400773428461
TOPAZ_IOD3_E001,0.4418413621262458,0.07499503322259135,0.12010157287250763,0.016843535982711277
TOPAZ_IOS1_E005,0.8718684210526316,0.022961578947368423,0.04992136515120111,0.01479496516890224
TOPAZ_MSD4_E004,0.5063453125,0.013077317708333333,0.09087345845440706,0.007206677520066239
TOPAZ_SPS4_E005,0.46201340659340656,0.06900681318681319,0.07524802922058448,0.012477538489914532
TOPAZ_NPS1_E007,0.8027133757961784,0.014353248407643316,0.06918908616261682,0.011220329718951575
TOPAZ_NAS1_E007,0.8298059405940594,0.029217227722772278,0.04348573042789964,0.013879047041130906
TOPAZ_SPS3_E084,0.482328164556962,0.008577088607594936,0.07608722499467728,0.004386989871357033
TOPAZ_NAS1_E026,0.8008624701195219,0.016004980079681277,0.05632674455766325,0.007742405731653916
TOPAZ_SPS1_E004,0.8642172077922078,0.01575512987012987,0.0763799882040298,0.00843487590167397
TOPAZ_IOS1_E014,0.8668334831460673,0.023677752808988765,0.07865806843906302,0.007051524777784277
TOPAZ_SPS1_E018,0.8149571025641025,0.05905541025641026,0.05092854422609663,0.015571751188870825
TOPAZ_NPD1_E004,0.8194625373134328,0.00489820895522388,0.050101164369443354,0.005474682959640359
TOPAZ_SPS1_E033,0.8465997560975609,0.020836747967479675,0.05074982254706314,0.010191259087178977
TOPAZ_NPD3_E004,0.3650213725490196,0.0025013725490196075,0.08063956704140911,0.0024785266176784466
TOPAZ_RSS3_E007,0.5420926912181303,0.024310821529745043,0.08199980656273984,0.009694597786255508
TOPAZ_SOD4_E002,0.8228081818181818,0.28602506493506497,0.08945379200004729,0.07049139991062328
TOPAZ_NPS2_E002,0.8230858585858585,0.0054532323232323225,0.03278510776144402,0.0062246794292181
TOPAZ_SPS3_E015,0.7966029850746269,0.008380895522388057,0.059405413744322205,0.007677143384184199
TOPAZ_NAS1_E034,0.7375694350282486,0.19214694915254238,0.1157050264973089,0.10704707186659569
TOPAZ_MSS4_E001,0.45128210191082807,0.1679241082802548,0.0895368656026745,0.027916594339056834
TOPAZ_IOS1_E013,0.8546791245136187,0.005915719844357977,0.03359468006991673,0.006607339832105004
TOPAZ_SPS1_E034,0.9241255208333333,0.005562291666666667,0.06225392902376041,0.010497739585974237
TOPAZ_SAD1_E019,0.8258713157894737,0.005833684210526316,0.056495226052205076,0.0031720397895664545
TOPAZ_SPS3_E062,0.7991174603174603,0.009268253968253965,0.048639783865703945,0.004621671703217952
TOPAZ_NPS1_E019,0.8328626666666666,0.0,0.02606620812895928,0.0
TOPAZ_SPS4_E022,0.5493122935779816,0.007334128440366973,0.07781044087664842,0.004869740533564085
TOPAZ_MSD4_E002,0.3432464285714286,0.008421071428571429,0.1579432702454154,0.0051764806986474305
TOPAZ_IOD3_E011,0.5174981818181819,0.02811064935064935,0.07847593500037697,0.015383090537018843
TOPAZ_IOS4_E011,0.4971826490066225,0.006746953642384107,0.07373177323946403,0.00507468212469758
TOPAZ_SAD3_E005,0.728200625,0.00986775,0.04465911682802712,0.005690332805513223
TOPAZ_SPS1_E015,0.7910075531914895,0.011607127659574466,0.051689160849565714,0.012203791277176716
TOPAZ_SAS1_E037,0.7952781967213115,0.02602420765027322,0.05495014979344421,0.009189879459572444
TOPAZ_NAS1_E015,0.8550619057815846,0.005853276231263384,0.03021646466834301,0.0044453714560135915
TOPAZ_IOS3_E010,0.8198249003984064,0.008935776892430278,0.06952785661093255,0.012775341088764979
TOPAZ_MSS3_E001,0.4937280281690142,0.007701408450704225,0.07080750987901505,0.005445975719500902
TOPAZ_SPS1_E061,0.8948060681114551,0.013048916408668731,0.030278557950093272,0.006842078179204762
TOPAZ_NAS1_E033,0.2939363829787235,0.14247553191489362,0.11149120237070767,0.04061405661750415
TOPAZ_MSS3_E007,0.49857291666666664,0.08090166666666666,0.09701261975378798,0.017614389398695855
TOPAZ_NPS1_E005,0.8287748510638298,0.05080685106382979,0.04842171029126304,0.011818858005420239
TOPAZ_NAS2_E002,0.5396290751445086,0.011384161849710984,0.08421911374133462,0.005730901937240516
TOPAZ_SAS1_E013,0.5276196363636363,0.04541472727272727,0.05716923390532983,0.016270424909749642
TOPAZ_MSS4_E008,0.65105175,0.01647125,0.07360196973884259,0.006035133879003845
TOPAZ_SPS4_E052,0.7033437894736843,0.010440421052631578,0.08372875622702214,0.0037833591077908735
TOPAZ_IOD1_E010,0.9074831843575418,0.0022731284916201115,0.06600761962470003,0.0016873496590090805
TOPAZ_SPS1_E026,0.48755939393939396,0.046118181818181815,0.1141486466983601,0.020942755183452174
TOPAZ_IOD1_E009,0.8655485833333334,0.0003168333333333333,0.045428783612298664,0.0007086736241427048
TOPAZ_IOD1_E017,0.829337701863354,0.008170434782608696,0.05046778501710009,0.004568342503262332
TOPAZ_IOS3_E003,0.7047435897435896,0.00659948717948718,0.09985058402785375,0.004900936042838091
TOPAZ_SPS4_E042,0.5075601666666666,0.03645166666666667,0.0669399867416496,0.007067379327272278
TOPAZ_NAS1_E005,0.8440128962818003,0.03132857142857142,0.05051859368057293,0.010122639973522108
TOPAZ_MSS2_E001,0.7528133333333332,0.0009099999999999999,0.07093814654135124,0.001493423081380491
TOPAZ_SPS1_E070,0.8944837894736842,0.008213473684210526,0.0366624635281875,0.008571466508652799
TOPAZ_SAS2_E007,0.157155,0.08435833333333334,0.07828229817994188,0.042427901295413295
TOPAZ_IOD1_E006,0.9324630158730159,0.0012542857142857143,0.09958807799232847,0.0013405302365828023
TOPAZ_IOM1_E004,0.6911865873015872,0.003423412698412698,0.08996840194133326,0.004881197836775673
TOPAZ_SPS3_E032,0.3308568888888889,0.6589693333333334,0.09923288206866875,0.05834624925201085
TOPAZ_SPS4_E019,0.30416454545454547,0.046062424242424245,0.13986087958008345,0.013546404203711088
TOPAZ_SPS3_E059,0.3714155319148936,0.6350876595744681,0.09856973377364082,0.050967127337044345
TOPAZ_SOS3_E003,0.8033676712328768,0.026084657534246578,0.07153900060041105,0.013796370485796159
TOPAZ_MSS1_E022,0.8903450434782608,0.0015703478260869566,0.07394291825895352,0.001645970008937393
TOPAZ_SPD3_E006,0.46715338797814204,0.027377103825136608,0.09245485566514389,0.010795078509555718
TOPAZ_NPD3_E014,0.4162972277227723,0.06076257425742573,0.07755125321671337,0.012760104103789097
TOPAZ_NAS1_E037,0.8110570322580645,0.015459548387096775,0.054076847913175984,0.013495637638878599
TOPAZ_NAD2_E001,0.5265393506493506,0.01623253246753247,0.09496772180742587,0.007363770170169336
TOPAZ_MSS4_E013,0.4130913445378152,0.010193529411764707,0.07743505293729902,0.0043761795218110215
TOPAZ_SPS3_E039,0.5542787272727271,0.011023090909090906,0.06815085688928497,0.0058005986752865035
TOPAZ_NAS2_E001,0.4651188372093024,0.05778918604651162,0.09518808562608845,0.017100402634666594
TOPAZ_SAD1_E001,0.770714509090909,0.035665999999999996,0.06741650997166056,0.013864776875888836
TOPAZ_SPS3_E058,0.4334569896193772,0.1305419723183391,0.07548275398439763,0.023711449366457065
TOPAZ_SPS3_E086,0.4401989102564103,0.08116032051282052,0.08433287309269659,0.019160937072926685
TOPAZ_NPS3_E007,0.4059041463414633,0.049922195121951216,0.15101035382004982,0.017502630256997
TOPAZ_NAS1_E021,0.7917636533333334,0.02664352,0.04646507971928836,0.010806266102417923
TOPAZ_NPD3_E012,0.49826356783919595,0.030472738693467335,0.09730485736936535,0.014487470025014331
TOPAZ_SPS1_E023,0.8532520833333334,0.0,0.01992722676372846,0.0
TOPAZ_SAM1_E001,0.7258546296296297,0.0011225925925925926,0.051875013778238714,0.0014843856257290612
TOPAZ_SAD1_E027,0.8438050857142857,0.02801295238095238,0.05232878790914493,0.01545836549751866
TOPAZ_NPM1_E003,0.5547812554112554,0.00228987012987013,0.06165913777846813,0.004473787579647594
TOPAZ_NPS1_E015,0.8385006818181818,0.0,0.04575011268727937,0.0
TOPAZ_SPS1_E069,0.7839973282442749,0.005710229007633587,0.051082807341010734,0.019164584563049446
TOPAZ_SAD1_E030,0.740083779527559,0.05778637795275591,0.037454530437346305,0.020671940629763304
TOPAZ_SAM1_E005,0.4821254545454545,0.0,0.09133883996088112,0.0
TOPAZ_SPS2_E008,0.6808882500000001,0.23252774999999998,0.08519023889373026,0.07589137357063384
TOPAZ_MSS3_E009,0.34385336134453776,0.16910932773109244,0.09189012143463948,0.029124930590492325
TOPAZ_SPS2_E001,0.8270295967741934,0.0016199193548387097,0.06932497757056968,0.0020164258926608563
TOPAZ_IOS1_E009,0.8325688648648648,0.008522054054054054,0.035942459695765656,0.005157241468522269
TOPAZ_SPS1_E002,0.728938731707317,0.030394829268292685,0.050262085951988625,0.022228831060960096
TOPAZ_IOS2_E006,0.7846403333333333,0.0,0.09453692610062776,0.0
TOPAZ_SAS1_E014,0.7422600843881857,0.0731026160337553,0.05785102055189548,0.02147456583883581
TOPAZ_SAS3_E003,0.6687689285714287,0.014410714285714287,0.08303072677110418,0.006923783507680211
TOPAZ_IOS3_E004,0.3786517010309278,0.024678247422680412,0.07336062545892756,0.008604667219561752
TOPAZ_SAS1_E005,0.8142961363636364,0.006481249999999999,0.07265703030852645,0.0028226554279211493
TOPAZ_SPS3_E002,0.5576296551724138,0.007643793103448276,0.1121990675934814,0.004103536249419184
TOPAZ_SPS3_E056,0.7846964935064935,0.011127727272727274,0.035615623423721605,0.00696000807235008
TOPAZ_NAS1_E004,0.9142162857142858,0.003284285714285714,0.06868630306735997,0.00201395032668816
TOPAZ_SPD3_E009,0.5137295913461538,0.025784783653846153,0.1027688030712082,0.013279597474615327
TOPAZ_RSS4_E002,0.4771015,0.034166249999999995,0.09006193845210084,0.008706899042569634
TOPAZ_MSS1_E008,0.8045761249999999,0.005140250000000001,0.05227051521875764,0.008437281252719976
TOPAZ_SPS1_E051,0.7582964727272727,0.02166549090909091,0.03311508181964803,0.014701153623097657
TOPAZ_NPD1_E011,0.5998538970588235,0.001626875,0.04585305488368113,0.0015919074340214156
TOPAZ_NAS3_E014,0.44414532258064515,0.0096241935483871,0.09489055278986896,0.004712842970624506
TOPAZ_SPS1_E007,0.9435246601941748,0.015515825242718445,0.028021145996243346,0.01194826115831605
TOPAZ_NPS1_E011,0.8763495833333333,0.021190911458333333,0.027323555453836693,0.014646107647471632
TOPAZ_SPS3_E035,0.46559608870967745,0.013343548387096775,0.07636547501468145,0.006271890270902332
TOPAZ_MSD1_E012,0.8766944117647059,0.020098617647058826,0.026320231593292782,0.014933450711336744
TOPAZ_IOS1_E003,0.8696600000000001,0.0,0.04301781962313066,0.0
TOPAZ_NAS1_E029,0.78394934169279,0.006872445141065832,0.05763522936390515,0.004256403434454228
TOPAZ_SPS4_E031,0.45909046641791046,0.11859982276119403,0.07339080021196528,0.025047580018849647
TOPAZ_IOS1_E038,0.933513827160494,0.0,0.015659530965012988,0.0
TOPAZ_NPD1_E003,0.9265025619834711,0.002615289256198347,0.08163630296139601,0.0019878844082247544
TOPAZ_IOS3_E014,0.8082328333333333,0.0008701666666666667,0.03471681528652778,0.0009227973624920166
TOPAZ_SOS1_E010,0.9080453846153846,0.0,0.10138028515031787,0.0
TOPAZ_SAS1_E041,0.8283824223602483,0.0025512422360248446,0.06981758801330454,0.002155604498739577
TOPAZ_MSS3_E002,0.5912820796460178,0.03575592920353982,0.1147414267012019,0.012722022863110298
TOPAZ_IOS4_E005,0.7956130894308943,0.011265813008130081,0.10798976527935211,0.015570548364509778
TOPAZ_SPS3_E027,0.8627397872340425,0.029363617021276593,0.0641927575781462,0.01954557951063408
TOPAZ_IOD1_E018,0.8384424166666666,0.017437583333333336,0.05849342816356714,0.011293848251432675
TOPAZ_SPS2_E013,0.47434890756302517,0.004667058823529411,0.06868194171173363,0.003733888943661637
TOPAZ_SPS3_E007,0.38482151898734174,0.004800822784810127,0.08717204790699982,0.002944337080229181
TOPAZ_SPD4_E001,0.5433288636363636,0.36526340909090904,0.09262607695891902,0.09755248095589791
TOPAZ_NPS2_E006,0.8283249999999999,0.0007197619047619047,0.07123326885428372,0.0009404173881556946
TOPAZ_IOD1_E002,0.8797744827586207,0.017537241379310346,0.16327073385967641,0.005618944493194259
TOPAZ_SAS1_E004,0.8718814830508475,0.0,0.040639250683368225,0.0
TOPAZ_NAS1_E019,0.8226675806451612,0.003236935483870968,0.05089525967170172,0.003969399451628717
TOPAZ_SPS2_E002,0.8284763235294117,0.0,0.07865033134264021,0.0
TOPAZ_SAM1_E007,0.8480590445859871,0.020624904458598724,0.03999947090069557,0.01762524089794568
TOPAZ_NAS3_E009,0.6816593442622952,0.014748196721311474,0.07389934184956938,0.0067910743031429814
TOPAZ_MSS3_E004,0.4563283243243243,0.08434216216216217,0.08227261169776057,0.020652599696986663
TOPAZ_NAD1_E004,0.9464398863636364,0.0006447727272727272,0.014157700482127462,0.0009248009334602369
TOPAZ_SPS2_E020,0.6885544444444446,0.16548222222222222,0.05587003671440655,0.059411896509988474
TOPAZ_SPS1_E027,0.6365396551724138,0.013406896551724138,0.13800100468106943,0.007528047373998155
TOPAZ_SAS4_E005,0.4607998381294964,0.10366902877697841,0.11126504787313583,0.03855839148269783
TOPAZ_SPS4_E045,0.6651525214899714,0.03455793696275072,0.06261605372804194,0.02324009116973701
TOPAZ_SAD1_E014,0.8498612532637076,0.02924804177545692,0.03829560154438157,0.019523372431526333
TOPAZ_IOF1_E002,0.8787805357142856,0.0,0.04435602630258787,0.0
TOPAZ_SAD1_E020,0.73934609375,0.009841875,0.09004887142923397,0.006464427390293358
TOPAZ_SPS4_E009,0.5062152409638554,0.04927328313253013,0.0817395944610247,0.020017152864464868
TOPAZ_SPS4_E013,0.4923066666666666,0.01032,0.1099455031670994,0.005532220102206642
TOPAZ_NPS3_E013,0.347304875,0.045883375000000004,0.06455325439111784,0.011327821165580563
TOPAZ_NAD1_E008,0.8379441062801932,0.0034710628019323678,0.033473229638953786,0.0023789738848604847
TOPAZ_MSS1_E028,0.8183954595588235,0.026511029411764708,0.04397668950298268,0.01110976928530311
TOPAZ_SAS1_E026,0.7769212968299711,0.056430907780979825,0.045898740237382885,0.01827201832822211
TOPAZ_NAS1_E006,0.8071619212962963,0.006414745370370369,0.044601889007323266,0.0097496984013171
TOPAZ_MSS1_E026,0.8672905576923077,0.03107676923076923,0.04967936896002104,0.03247354822870655
TOPAZ_RSS4_E003,0.6511604518072289,0.2154618373493976,0.08240133601955686,0.07034846143622064
TOPAZ_SPS4_E011,0.40168519999999996,0.08932255,0.09893721241251949,0.022111701856652732
TOPAZ_SPS4_E020,0.5792215543478261,0.012593717391304347,0.1124847497193812,0.013013159906272546
TOPAZ_RSS1_E005,0.8326086138613864,0.011112871287128713,0.05960870412934347,0.004849131459769478
TOPAZ_SPS3_E028,0.5328410222222222,0.010030844444444445,0.0775726833725747,0.006116489385098669
TOPAZ_SPD1_E003,0.8214836090225565,0.002341428571428571,0.07672020048797322,0.002474534099949979
TOPAZ_SAS1_E009,0.8020617187499999,0.019834562499999996,0.04383808957953572,0.008764248316803544
TOPAZ_NPS1_E017,0.8171944347826088,0.009892782608695652,0.05431632647806582,0.006403481871855015
TOPAZ_SOS2_E001,0.26762583333333334,0.07169194444444443,0.07571247234604085,0.01524809820918378
TOPAZ_IOS3_E018,0.07169102564102563,0.048775897435897435,0.042154545929683596,0.01163531444110243
TOPAZ_IOS1_E012,0.8064801600000001,0.01268704,0.08498886620713562,0.006216372707487864
TOPAZ_SPS3_E045,0.6244868644067797,0.01070957627118644,0.08165315932836675,0.005509716593355593
TOPAZ_SPS1_E073,0.876082658227848,0.030848713080168774,0.02700399930728471,0.01835300232483499
TOPAZ_SAD1_E043,0.8161783333333333,0.02113664215686275,0.039702012866523466,0.017938134842202698
TOPAZ_IOD3_E006,0.7671363636363636,0.0029742424242424244,0.059986381677651295,0.003163628555662024
TOPAZ_SAS3_E010,0.5792709090909091,0.018566060606060607,0.12989481857685067,0.00644692359774139
TOPAZ_SPS1_E046,0.8243653623188405,0.01539869565217391,0.07503127194574447,0.00996451209027454
TOPAZ_MSS1_E004,0.7831509027777778,0.04541611111111111,0.05114615404398016,0.014211111089392754
TOPAZ_IOS1_E035,0.7586253658536586,0.0,0.08291624234357431,0.0
TOPAZ_SAS1_E001,0.9343703703703703,0.0026085185185185187,0.056868392866954075,0.0019386473017978735
TOPAZ_MSS1_E027,0.7364843529411764,0.16205094117647056,0.11138953035548992,0.09926714824889012
TOPAZ_IOS3_E005,0.4776852409638554,0.008850642570281123,0.07233466491132383,0.004680141073796555
TOPAZ_IOD1_E004,0.7393057653061225,0.0229259693877551,0.041322468963640606,0.007490043123978852
TOPAZ_SAS1_E034,0.7985613684210526,0.054975964912280705,0.05631461940276522,0.014880603795952038
TOPAZ_SPS3_E057,0.3412314117647059,0.08112317647058824,0.10624639288164028,0.03797816190489925
TOPAZ_SPD3_E002,0.5084355223880598,0.02674004975124378,0.10084236135736854,0.013846527358800919
TOPAZ_SPS3_E003,0.7465645238095239,0.006754047619047619,0.04315261274451415,0.002908858440403014
TOPAZ_MSS2_E004,0.767378787878788,0.0,0.13314996450249475,0.0
TOPAZ_SPD3_E005,0.6141011148648648,0.0160775,0.09673481387438097,0.006483269620046372
TOPAZ_SPD3_E010,0.7268742857142858,0.006186753246753247,0.06051749257534287,0.004238846155656116
TOPAZ_SPS1_E089,0.7526764492753623,0.03503663043478261,0.05281251766555883,0.021146893831447067
TOPAZ_NAS3_E011,0.3823031428571429,0.03454171428571429,0.11751587605259199,0.010432072382996661
TOPAZ_SOS4_E002,0.8202271851851852,0.013777777777777778,0.03550817849770621,0.006651088317145484
TOPAZ_SPD3_E003,0.45545765909090913,0.027505863636363637,0.1061656346929053,0.009337673604546334
TOPAZ_MSS1_E030,0.8054248,0.040406066666666664,0.07882022709702546,0.014162840811864766
TOPAZ_IOD1_E013,0.8916621739130437,0.0,0.05052487847856838,0.0
TOPAZ_SPD1_E017,0.7900796363636362,0.0030196363636363637,0.06586288293840983,0.002482945438302416
TOPAZ_NPS4_E003,0.49780474662162166,0.009705844594594596,0.07705003266308033,0.006220708194032945
TOPAZ_SPS3_E023,0.42421359712230217,0.07656510791366906,0.07670947566060832,0.022805981462238816
TOPAZ_IOD3_E009,0.8349980701754387,0.0037889473684210528,0.0587005241746702,0.004158984223240062
TOPAZ_SPS3_E044,0.4780940789473685,0.03753276315789473,0.10141136840893487,0.009640433709216642
TOPAZ_NPD1_E008,0.8460078095238094,0.014974380952380953,0.08604899670681486,0.013017374610866708
TOPAZ_NAS4_E005,0.47694866666666674,0.047571333333333334,0.07699509524349948,0.009945247485887697
TOPAZ_SAD1_E032,0.8852191880341882,0.014626367521367523,0.03922447288711903,0.013877330313650346
TOPAZ_IOS4_E006,0.529707032967033,0.019604395604395607,0.09006779837239794,0.010086384563977068
TOPAZ_IOD3_E008,0.5254655112219452,0.028502069825436408,0.12408256680468213,0.011975466898477108
TOPAZ_NAD1_E002,0.8530660576923077,0.014688557692307693,0.06396801932964792,0.010477611425748679
TOPAZ_SPS1_E048,0.8748604545454545,0.0,0.04987727785431985,0.0
TOPAZ_SOS1_E012,0.7479264864864864,0.033873175675675674,0.05176502549677967,0.00892423174353856
TOPAZ_NPD3_E016,0.33638762589928056,0.060059640287769785,0.06616187586597476,0.019474843740567675
TOPAZ_SPS4_E049,0.073743,0.0513898,0.03827906483967444,0.011592650342350536
TOPAZ_SPS3_E033,0.44422398550724634,0.07695659420289855,0.07029194537669568,0.014717550624052922
TOPAZ_SPS1_E080,0.7153075652173913,0.03467373913043478,0.049813171954401686,0.02644566897921159
TOPAZ_SAS3_E011,0.4343697701149425,0.039500689655172415,0.0915618860433162,0.013573402092031384
TOPAZ_NPD2_E001,0.8220634351145037,0.0009858015267175573,0.03987635722203352,0.001158153936556375
TOPAZ_NAS4_E008,0.7746212,0.07477380000000002,0.06948996254539212,0.03673799683651791
TOPAZ_NPD3_E013,0.8328847126436785,0.0,0.08622198360685826,0.0
TOPAZ_SPS2_E019,0.6708763888888889,0.1266011111111111,0.1417178870572091,0.07335281179863136
TOPAZ_NPS3_E002,0.5652401477832513,0.01566960591133005,0.07831317791376832,0.0072896845831988254
TOPAZ_RSD3_E001,0.432386,0.0017069076923076924,0.10349981653049514,0.00829542208176029
TOPAZ_SAD3_E004,0.42545775933609964,0.033671701244813286,0.09350769759491594,0.012052744045008166
TOPAZ_NAX1_E022,0.8116476724137931,0.0068309482758620674,0.055432781076346915,0.004034359748898393
TOPAZ_SPS2_E003,0.5097919948186529,0.035167202072538865,0.08371179370987296,0.015339509822730768
TOPAZ_SPS3_E064,0.4854803625954198,0.01067276717557252,0.07363164672146295,0.005678216189831498
TOPAZ_SPS2_E016,0.38770574074074077,0.0745175,0.07552926256809961,0.012734138581649984
TOPAZ_SPD1_E004,0.769735945945946,0.006642635135135135,0.03527080428507403,0.003480227229589518
TOPAZ_SAS2_E006,0.18845417582417578,0.25128219780219785,0.10370104242554609,0.07421814139179977
TOPAZ_NPS3_E005,0.48925182795698924,0.07461946236559139,0.09757066778898055,0.01804001841976613
TOPAZ_SPD3_E008,0.603627734375,0.042315234374999997,0.11313258041739432,0.01957490010210955
TOPAZ_IOD3_E004,0.43761401015228424,0.05407888324873096,0.08023404285053837,0.011952237977111067
TOPAZ_IOS1_E036,0.8815252631578947,0.001856477732793522,0.04524372218772881,0.004427104790311943
TOPAZ_SPS4_E002,0.7873792045454546,0.0017210227272727273,0.07019677458307648,0.0019319426397074618
TOPAZ_SPS4_E037,0.4536178787878788,0.48439727272727273,0.10310438237629585,0.11130783027460724
TOPAZ_NAS1_E038,0.7491110461538462,0.005026184615384615,0.03199122883850931,0.0037676312366190946
TOPAZ_NAS3_E008,0.5116192760180995,0.04735,0.12283381129298608,0.012490075951933514
TOPAZ_SPS3_E048,0.4274319411764706,0.1557794117647059,0.10248373972200812,0.03812562869230343
TOPAZ_SOS1_E004,0.9196431034482759,1.482758620689655e-05,0.022664028023073872,0.00011194582093677318
TOPAZ_IOS1_E022,0.8707195588235294,0.003874313725490196,0.05669349792664327,0.002114313502735776
TOPAZ_SAM1_E008,0.35832755555555557,3.4814814814814816e-06,0.07378312387056248,4.030106180971412e-05
TOPAZ_SPS1_E081,0.7923017985611511,0.0036877697841726613,0.05666086362339838,0.0036993660828075086
TOPAZ_SPS1_E038,0.8734674846625767,0.030962249488752553,0.0314000989671286,0.018985824047857425
TOPAZ_SAS1_E043,0.8779772131147541,0.013719344262295081,0.03385362223064041,0.022301864942149502
TOPAZ_SPS4_E021,0.6073229787234041,0.022848723404255315,0.08391942832682832,0.018991666438598384
TOPAZ_NAS4_E011,0.5528710903426791,0.029565109034267918,0.09658318279983184,0.01115212026292884
TOPAZ_NAX1_E018,0.5999304347826088,0.02785478260869565,0.09662078197006387,0.009039417242454063
TOPAZ_NAX1_E002,0.7673679047619048,0.037976222222222224,0.05522285414909195,0.013369147614960995
TOPAZ_SPS1_E003,0.8292000000000002,0.0023995348837209302,0.08162260479765081,0.0020318910352220376
TOPAZ_MSS4_E011,0.7928025757575757,0.002398939393939394,0.04469238289485154,0.0017759761539382247
TOPAZ_NPS3_E016,0.8067090517241379,0.00683896551724138,0.048523218562024656,0.007558611026768301
TOPAZ_MSS2_E002,0.45731741007194243,0.04883924460431655,0.09792606117903688,0.011367381097970615
TOPAZ_NPS3_E018,0.6545368686868687,0.015181111111111114,0.05068056706543116,0.0068244611862478795
TOPAZ_IOS1_E044,0.7566449180327869,0.0,0.06363020276316747,0.0
TOPAZ_SPD2_E002,0.8171994736842104,0.007130723684210527,0.04455426696721818,0.005843981058136663
TOPAZ_IOS3_E011,0.5047597959183673,0.01698481632653061,0.0915310974676466,0.008658973549182821
TOPAZ_SAD1_E046,0.821881953125,0.056700625,0.035382054377417836,0.01448276873509948
TOPAZ_NAS3_E003,0.7446712903225806,0.00606774193548387,0.07271972842056598,0.002836561650646577
TOPAZ_NAS3_E004,0.46178879310344834,0.0402146551724138,0.08070973368659937,0.009763426808350309
TOPAZ_NPS2_E004,0.5087284054669704,0.03523744874715262,0.08666703333803989,0.018273308374732785
TOPAZ_IOS3_E022,0.2756633445945946,0.25649246621621624,0.07806048482108523,0.03871138430308351
TOPAZ_SAS2_E001,0.8192248571428571,0.06176,0.07293562094150188,0.028268429942757193
TOPAZ_MSD3_E007,0.6058325732899023,0.019927035830618892,0.10562213462785916,0.00727099265647013
TOPAZ_MSS3_E017,0.35458378378378375,0.014145945945945945,0.09794725888722366,0.005904988710637289
TOPAZ_SPD1_E022,0.8213502816901409,0.004378802816901409,0.03311354556553331,0.004259479813904802
TOPAZ_SPS1_E009,0.8747535000000001,0.00612125,0.041726965183970496,0.0029637291075964222
TOPAZ_SAD1_E034,0.7620115794066318,0.061373743455497384,0.05929088867727256,0.025091864652973785
TOPAZ_SPS3_E017,0.7120620588235295,0.006274705882352941,0.09719266862267203,0.00468939933146724
TOPAZ_SPS2_E026,0.5955864912280702,0.011460877192982456,0.10460489201420053,0.004771378586582433
TOPAZ_SAS4_E001,0.6442170512820513,0.00018653846153846156,0.06630648214645682,0.0003642970995298182
TOPAZ_SAD1_E022,0.7622005955334988,0.027927096774193548,0.038246906589490225,0.010496535751721176
TOPAZ_SPS1_E035,0.7717696551724138,0.0052622068965517245,0.03552568223837205,0.0033050971020146354
TOPAZ_SAS1_E003,0.8298948397435897,0.014707692307692307,0.04907103073123286,0.006580188052233867
TOPAZ_NAX1_E001,0.7226431481481481,0.006976975308641976,0.07318201584104048,0.00750590796849316
TOPAZ_MSS1_E005,0.7792670175438596,0.02839578947368421,0.04702386691379186,0.008598424569564223
TOPAZ_NAS4_E009,0.76878,0.06327347826086957,0.056975183003311794,0.03578477671333776
TOPAZ_SPS4_E032,0.28657894495412845,0.053498761467889906,0.06349166230234016,0.015740013284327583
TOPAZ_NPD1_E012,0.8025227027027028,0.0073845945945945944,0.05320005925191351,0.0036119652966376805
TOPAZ_SPD2_E001,0.8402986153846154,0.0,0.09742135602039252,0.0
TOPAZ_IOS1_E008,0.6914893220338983,0.06329055084745762,0.057071328938693,0.015469354618848382
TOPAZ_RSS3_E009,0.5334502877697842,0.0027791366906474817,0.08694305356925282,0.003846097243037207
TOPAZ_NAS3_E002,0.7956265833333335,0.0051400000000000005,0.05041366075605291,0.002952918612717481
TOPAZ_NAM1_E001,0.5537858898305086,0.00497281779661017,0.06205997832240754,0.012819809663729783
TOPAZ_SAD1_E041,0.8125653779697624,0.0762397192224622,0.04872775289039078,0.02668528266952152
TOPAZ_SPS4_E027,0.799229523809524,0.004747619047619048,0.1077846435071514,0.0051280311870029885
TOPAZ_SPS3_E074,0.7719049056603774,0.001657735849056604,0.05679160659558841,0.0015962829955626266
TOPAZ_SPS4_E044,0.6367173076923076,0.011373461538461539,0.11322325276120804,0.018457195999706934
TOPAZ_SAD1_E015,0.8682644444444444,0.011373333333333334,0.13357457465798547,0.005288451429153767
TOPAZ_NPS3_E004,0.40298089928057557,0.010867302158273383,0.07780463760833256,0.005662037243186656
TOPAZ_NAS1_E017,0.896517894736842,0.006706315789473684,0.04635523067958287,0.004904809761347921
TOPAZ_NAS4_E004,0.817468125,0.0019940625,0.07447623507021804,0.0016366521839088935
TOPAZ_SPS4_E018,0.6928732098765432,0.009525802469135803,0.06267807850835219,0.0039589713292309805
TOPAZ_NAX1_E011,0.8456172826086956,0.0,0.04545076866993833,0.0
TOPAZ_NPS2_E003,0.4178765263157895,0.034834947368421056,0.0851557366954455,0.009099585863761424
TOPAZ_SPD3_E007,0.8049603846153845,0.0,0.05228636286987041,0.0
TOPAZ_IOS1_E032,0.9104597222222224,0.011091203703703702,0.03628148393843189,0.005491859247608394
TOPAZ_SPS1_E010,0.8064081395348838,0.008006976744186047,0.06111314686542072,0.008000497669079565
TOPAZ_SPS3_E079,0.49805776018099546,0.039321018099547515,0.10586225890665811,0.0186675311948092
TOPAZ_IOS1_E031,0.8136664285714285,0.05699785714285715,0.038760151961802734,0.03708479206563008
TOPAZ_RSS1_E006,0.8866283018867923,0.007024779874213837,0.04939592782604308,0.003139307065407222
TOPAZ_SAD1_E044,0.8122226829268293,0.034544512195121946,0.05024769225090582,0.012918289752436272
TOPAZ_SPS4_E048,0.452288652173913,0.1181589347826087,0.09999638285158496,0.028906207238390685
TOPAZ_SAD1_E007,0.7875902587519025,0.02044267884322679,0.04202828110773319,0.009479848296350542
TOPAZ_SPS2_E014,0.8176407692307692,0.004203496503496504,0.0625877903157723,0.004312438872981802
TOPAZ_SPS1_E032,0.7599806440071557,0.020743005366726297,0.0443730742214727,0.014281480868517259
TOPAZ_SAM1_E002,0.42932951219512194,0.0,0.10339709600939806,0.0
TOPAZ_SPM1_E001,0.5544536408977556,0.0028539401496259355,0.06138627381734274,0.004908035798352961
TOPAZ_SPS4_E036,0.43869952127659567,2.3244680851063828e-05,0.10193991811139567,0.0001656438236140843
TOPAZ_NPS4_E007,0.6368212962962964,0.24228722222222224,0.10458231399319613,0.06608542489100522
TOPAZ_NAX1_E003,0.8507552106430155,0.0061022172949002215,0.03498407931393128,0.0052984355266803285
TOPAZ_NAS1_E020,0.8218442962962963,0.003239037037037037,0.05310572594559371,0.003609402920577405
TOPAZ_NAS1_E036,0.8488253765690376,0.0,0.05425895269402403,0.0
TOPAZ_SPS4_E010,0.7090565254237288,0.014138728813559322,0.07992792123009711,0.005950950721168841
TOPAZ_MSS4_E005,0.4963491885441527,0.024457661097852027,0.0980494150527255,0.012108867547730738
TOPAZ_SPD1_E012,0.8185200826446282,0.0026019834710743804,0.06635168231683475,0.0050852817307125205
TOPAZ_SPS4_E034,0.5132293710691823,0.1431705241090147,0.0890318976831067,0.02948340178926151
TOPAZ_SPD1_E011,0.8057824812030076,0.016788270676691728,0.08198502714397622,0.007812756342744538
TOPAZ_SPD1_E006,0.7823711881188119,0.0037765346534653463,0.0641893150216203,0.004752747915032801
TOPAZ_MSS1_E021,0.8823447058823529,0.005228099547511311,0.04652419425586905,0.008966567315308269
TOPAZ_NAD3_E002,0.44987,0.021972499999999996,0.11660552369706449,0.009259809055806712
TOPAZ_MSD1_E002,0.7687610810810812,0.0,0.07676396665890607,0.0
TOPAZ_SPD1_E021,0.852151680672269,0.006189747899159663,0.038779439525971106,0.005485820601107696
TOPAZ_NPS1_E013,0.7636908588957056,0.007432699386503069,0.048643580392203116,0.0037084030034520107
TOPAZ_SPS3_E089,0.7619478787878788,0.0034915151515151517,0.11859405521300001,0.0028219959852344803
TOPAZ_SOD1_E005,0.9004667248908298,0.0053638427947598245,0.058828314130375446,0.0031805967542707734
TOPAZ_SPD3_E011,0.5721168852459015,0.033084426229508204,0.12311456475930083,0.010523496664504466
TOPAZ_SAS2_E004,0.05612278350515464,0.3632109278350516,0.05103431526117008,0.07444245055641029
TOPAZ_SAS3_E006,0.523897654723127,0.01978114006514658,0.09709469995484059,0.009485725140251948
TOPAZ_NPS3_E001,0.4587246042003231,0.007311518578352181,0.0906567217333667,0.004295133018365615
TOPAZ_IOD4_E001,0.5260807182320442,0.03349475138121547,0.07664828645580549,0.009561799546818989
TOPAZ_SPS2_E018,0.7997611971830986,0.010010633802816901,0.06952809795258878,0.011107761226162945
TOPAZ_SPS1_E084,0.8063077419354837,0.05383532258064516,0.0348042720505064,0.011156663887089639
TOPAZ_IOD4_E002,0.61050875,0.0048415624999999995,0.11676826625709359,0.003832248939408001
TOPAZ_SAS1_E024,0.7801294897959182,0.029744132653061226,0.05217565862354702,0.010174487690194203
TOPAZ_SAD1_E018,0.839065882352941,0.012919663865546218,0.056466008298170126,0.009953006043340793
TOPAZ_IOD3_E003,0.41980241071428565,0.004459464285714286,0.09092343875329491,0.002893457471880593
TOPAZ_NAX2_E002,0.7069935344827587,0.005941551724137931,0.054008111112644065,0.002857434828486689
TOPAZ_SPD1_E019,0.9061133624454147,0.004593755458515284,0.03866983718491629,0.004798601766101431
TOPAZ_NAX3_E008,0.11388615384615387,0.009681923076923076,0.04462710560228917,0.00369712468239303
TOPAZ_MSS1_E011,0.7963390231362468,0.0,0.035227932676939494,0.0
TOPAZ_SPS1_E065,0.7771356441717792,0.01944159509202454,0.053620363795316595,0.008884006096736261
TOPAZ_SAD1_E039,0.80594900990099,0.03625,0.07019144019214471,0.011696062890080272
TOPAZ_SPS3_E082,0.4297232083333333,0.07579387500000001,0.0977327892463592,0.017239028382356945
TOPAZ_NPS4_E001,0.7969163157894738,0.06706421052631578,0.05849299099207119,0.03720234938569509
TOPAZ_SPS1_E074,0.8761936423841059,0.022958079470198678,0.04266965841961879,0.013047339391068873
TOPAZ_IOS3_E008,0.8014973333333334,0.0013386666666666664,0.08092562890017531,0.0008053062909366983
TOPAZ_SPS1_E020,0.7704460999999999,0.0225429,0.04990774264370209,0.013100366315107376
TOPAZ_SPS1_E013,0.7650602941176471,0.004216029411764706,0.05654961921398612,0.0028040807831356492
TOPAZ_NPS1_E001,0.7945756470588234,0.014820941176470589,0.07011273125050003,0.007158162370745132
TOPAZ_SAS1_E002,0.7731124675324675,0.007576233766233767,0.0973122099913048,0.01235679454914457
TOPAZ_SPS1_E076,0.7526464864864866,0.0,0.11135944919715192,0.0
TOPAZ_NPS1_E009,0.8427914018691589,0.01875897196261682,0.08660945296498862,0.01519272366016598
TOPAZ_SOS1_E005,0.8008877536231885,0.007886594202898552,0.07215264180102371,0.004678576442784801
TOPAZ_SPS4_E051,0.6286162318840579,0.003610869565217391,0.06685468730602821,0.002674349298687919
TOPAZ_SAD1_E036,0.7947730711610487,0.017553183520599255,0.05898237349477667,0.009655562560880088
TOPAZ_NAX1_E005,0.8345361732851986,0.010695956678700361,0.04769357610035895,0.004642649977545986
TOPAZ_IOS4_E009,0.6885957692307692,0.02077923076923077,0.16332639767733334,0.020915197257768355
TOPAZ_SAS3_E013,0.5196418015665796,0.007635535248041775,0.08076736403460873,0.004054848454983602
TOPAZ_NAS1_E028,0.8904032352941177,0.0,0.0931738404249437,0.0
TOPAZ_RSS3_E004,0.3567794755244755,0.06579849650349649,0.07666603846502525,0.013091745738470367
TOPAZ_NAS1_E030,0.8246615887850468,0.015496355140186916,0.052303573780249885,0.011842656259291857
TOPAZ_IOS1_E043,0.7242856556082148,0.03482448657187994,0.05239142057631781,0.012457338349937662
TOPAZ_MSS2_E008,0.7085326046511627,0.008686976744186045,0.07057908556220595,0.0034661788725054788
TOPAZ_NAX1_E009,0.8010103435114503,0.01841610687022901,0.04591384042978512,0.008490010661168022
TOPAZ_NAS1_E023,0.8702011970074812,0.027053815461346633,0.03149927513021955,0.017667913945847307
TOPAZ_SPS1_E059,0.7524868817204302,0.015169462365591397,0.07569030958811801,0.008970291392588007
TOPAZ_SPS1_E025,0.8405499846860643,0.017139846860643182,0.04282264743191231,0.009397032292327266
TOPAZ_NPD3_E007,0.2890392592592593,0.05436148148148149,0.09431623845599622,0.018187618438703822
TOPAZ_SOS2_E002,0.8059801234567899,0.021741481481481483,0.09874424173233293,0.017535980514930653
TOPAZ_SAD1_E002,0.6875241025641026,0.015094615384615383,0.07519616829838281,0.011265737219928452
TOPAZ_MSD4_E005,0.5536635995085994,0.04745512285012285,0.11216146613781217,0.03308123876019066
TOPAZ_MSS1_E002,0.8123083486238533,0.008935137614678897,0.07072547148332778,0.01058149263804271
TOPAZ_MSS4_E012,0.44965963855421687,0.05360409638554218,0.07589371181224729,0.012759152636076968
TOPAZ_NPS4_E011,0.7692989583333333,1.2291666666666668e-05,0.059169681011462825,8.426742112992951e-05
TOPAZ_SAS1_E021,0.8612550427350427,0.02412641025641025,0.054018653625651274,0.01374730531242604
TOPAZ_NPS4_E010,0.817165,0.0,0.08070519315337196,0.0
TOPAZ_SAD1_E023,0.8203852300242132,0.0,0.05379467285756702,0.0
TOPAZ_IOD3_E012,0.7450750574712643,0.0032185057471264358,0.07572247683851813,0.00208486584299813
TOPAZ_IOD1_E012,0.8073721951219511,0.015036178861788619,0.0585688791851319,0.007146679087818945
TOPAZ_IOS1_E017,0.8582,0.0,0.05408301923183255,0.0
TOPAZ_SOD1_E002,0.8652940178571429,0.004052232142857143,0.04984618661907816,0.0026472531956395822
TOPAZ_SAS1_E027,0.8036823000000001,0.0092792,0.07552176422535427,0.004592254714189971
TOPAZ_SAS1_E030,0.8789627027027026,0.009314432432432433,0.03130523445123434,0.004365693137379097
TOPAZ_NAX1_E020,0.8485920398009951,0.016248034825870648,0.04648316172228292,0.017161900542122153
TOPAZ_IOS3_E002,0.471817037037037,0.021055481481481484,0.07117288435054749,0.008718593814458208
TOPAZ_IOS1_E034,0.8881116129032257,0.04126967741935483,0.04339558238976555,0.013963081618433607
TOPAZ_NPD1_E006,0.8232122012578618,0.012157232704402518,0.0519182538838647,0.005564480787110815
TOPAZ_SPD1_E014,0.753057,0.005372,0.037939232126300786,0.002902591256102037
TOPAZ_SAS1_E044,0.786378480565371,0.0713,0.03946690534011943,0.017285721471331544
TOPAZ_SPS1_E075,0.8094674999999999,0.019302142857142858,0.11243004096595866,0.015992781040462076
TOPAZ_SPS1_E072,0.8336439869281045,0.0147340522875817,0.03899334978225978,0.006395540259661593
TOPAZ_SPS1_E085,0.8475311382113823,0.018555772357723575,0.04208955288571154,0.010305136063221695
TOPAZ_IOD2_E001,0.5881685185185185,0.0,0.1134234244767254,0.0
TOPAZ_NAD1_E003,0.821597962962963,0.010181759259259258,0.0710482108326251,0.005620495534484037
TOPAZ_SPS3_E026,0.4499867030567685,0.06898805676855896,0.08883679817682089,0.023637623226825732
TOPAZ_SPS4_E056,0.6428723076923076,0.04917346153846154,0.1388679142291943,0.027060544360649412
TOPAZ_SPS4_E050,0.7485251578947367,0.007270736842105262,0.0762685460567241,0.005053790915239614
TOPAZ_MSS2_E006,0.5043060759493672,0.018090981012658224,0.0922712903622148,0.008691675741890692
TOPAZ_SPS4_E028,0.22774387916431393,0.13891589497459061,0.08980890031791335,0.025078332064998224
TOPAZ_SAD1_E026,0.8171488461538461,0.015583717948717952,0.03408031039120604,0.01669001786797329
TOPAZ_SOS1_E013,0.8035406473214286,0.08794473214285715,0.055197312428756536,0.024010627695646918
TOPAZ_SPS1_E057,0.8919142857142857,0.0,0.016421037601758524,0.0
TOPAZ_IOS3_E020,0.48383372928176793,0.062376685082872925,0.12494323219989367,0.014116715614106438
TOPAZ_NPS3_E012,0.6622301234567901,0.014705679012345681,0.09799136379802612,0.006878694237679521
TOPAZ_SOS1_E008,0.8144603488372092,0.021728720930232558,0.045944297200274486,0.007708089196529511
TOPAZ_IOS1_E040,0.776152967032967,0.0,0.07728700925051392,0.0
TOPAZ_SPS4_E008,0.758913076923077,0.008210439560439561,0.08704563897897366,0.007656553310595794
TOPAZ_IOS4_E012,0.7172059259259259,0.004171851851851853,0.08494872003305155,0.002387059305128441
TOPAZ_SAD1_E040,0.8455080991735536,0.037582892561983466,0.029296750343414876,0.01925769904803844
TOPAZ_MSS1_E012,0.8551827631578947,0.008058552631578947,0.04470613080818606,0.005446039532480018
TOPAZ_SPS4_E053,0.5748253791887125,0.013497989417989418,0.10111805407431874,0.010371540094380452
TOPAZ_SPD1_E010,0.8177031355932203,0.003161440677966102,0.06492760791051534,0.004266124402308543
TOPAZ_IOS4_E001,0.6216701411290323,0.279965060483871,0.08048888394110656,0.07879791966252347
TOPAZ_SPS3_E051,0.6250640869565217,0.13362379710144928,0.08203064822329803,0.046279933527622434
TOPAZ_SPS4_E007,0.46039022140221403,0.11979051660516604,0.07587249116411782,0.02600113126106036
TOPAZ_SPS1_E058,0.892096666666667,0.008249876543209876,0.054889433319387226,0.011433720433337582
TOPAZ_SAD1_E045,0.6591686538461538,0.02914991452991453,0.06465924389483005,0.013086488709536704
TOPAZ_IOS1_E045,0.7355672708333334,0.08927929166666666,0.05848717231376452,0.02347062505200058
TOPAZ_RSS4_E001,0.7143238613861388,0.008062673267326731,0.0647888967686257,0.011505726158648146
TOPAZ_NAS1_E014,0.8391068452380951,0.03362232142857143,0.02946685931322801,0.009238886307678404
TOPAZ_SPS2_E024,0.7834083571428572,0.006250714285714286,0.04385883726897847,0.004876651462817075
TOPAZ_SPS2_E006,0.474092,0.06204968181818182,0.09605222620391093,0.014915343362659575
TOPAZ_SOS2_E005,0.41741526315789473,0.11599684210526315,0.11345432980387543,0.020635051312252167
TOPAZ_MSS3_E008,0.49762157566302656,0.0444375663026521,0.10022684331981258,0.01954657457306665
TOPAZ_IOM1_E001,0.5384088188976376,0.0010362204724409447,0.07506045670006492,0.0015443531526348887
TOPAZ_SPS4_E046,0.8142361904761903,0.011082380952380951,0.0402059873504042,0.0066698864163684405
TOPAZ_IOS1_E021,0.13136184210526317,0.12555078947368423,0.0557532833045573,0.03297072755782803
TOPAZ_NPM1_E002,0.5943850704225352,0.0012861502347417842,0.05374776979864721,0.001371856360608915
TOPAZ_SPS3_E008,0.6384283870967741,0.009209999999999998,0.062301081029132586,0.005930816731005452
TOPAZ_NAS1_E010,0.7531570135746606,0.053097918552036195,0.053837968377763515,0.016134659615760202
TOPAZ_IOS4_E013,0.022765882352941177,0.4684443137254901,0.024733513199742683,0.07843716701683627
TOPAZ_SAS1_E008,0.850125306122449,0.018204285714285715,0.027965635187438546,0.012249477498227909
TOPAZ_SPD2_E003,0.807950652173913,0.009302826086956522,0.042780733917292785,0.008162615202296919
TOPAZ_SOS1_E002,0.8553105349794239,0.026299711934156377,0.04867322060682389,0.01142343198303065
TOPAZ_MSD3_E006,0.8381124242424242,0.003608181818181818,0.03005289055127119,0.0037750949853957755
TOPAZ_IOD1_E011,0.8100594345238095,0.0071506845238095244,0.041333740245905054,0.005099928087307984
TOPAZ_SAS3_E008,0.7777927986348122,0.051429897610921496,0.057776961559502155,0.017166956919824998
TOPAZ_NPS3_E020,0.30559306122448976,0.6825383673469388,0.11765348268788343,0.13449421796762193
TOPAZ_NPS3_E003,0.7572567741935482,0.0,0.09424743649759587,0.0
TOPAZ_MSS3_E005,0.4070866056910569,0.03706662601626016,0.08590655584918365,0.0120785786663818
TOPAZ_MSS1_E001,0.8359308333333334,0.03365666666666667,0.06591522552470121,0.01675659498691651
TOPAZ_MSS4_E010,0.5219081960784314,0.05369203921568627,0.08488150459917859,0.019695201330513036
TOPAZ_IOS1_E026,0.7396608021390375,0.03533550802139037,0.055652890963710094,0.010659774462287374
TOPAZ_SAS1_E007,0.8696599999999999,0.0029279999999999996,0.06602157842537376,0.0020206914108239727
TOPAZ_SOS4_E001,0.5898145502645503,0.043984761904761915,0.06524493411731168,0.022938681214114763
TOPAZ_SPD3_E001,0.4787658579881657,0.0457816272189349,0.11120958601887118,0.01356588311280416
TOPAZ_RSS3_E010,0.49850216049382706,0.009464907407407408,0.07380758861181072,0.006696334656432039
TOPAZ_IOM1_E002,0.15004068965517242,0.02881827586206897,0.10961314104239303,0.025110444326389918
TOPAZ_SPS3_E042,0.6169980813953488,0.02553325581395349,0.06736454677363035,0.008448213715399892
TOPAZ_IOS3_E007,0.9356850877192984,0.0025131578947368417,0.06203351344156307,0.001343476973594272
TOPAZ_NAX1_E012,0.8124002127659575,0.0016070212765957447,0.05539057583600383,0.0018139177242051537
TOPAZ_SAS1_E010,0.8640777714285716,0.0014493714285714284,0.03370402453551522,0.0018245131340515282
TOPAZ_SPS1_E068,0.7574979393939393,0.005221030303030303,0.036179321324639004,0.0037283818285803
TOPAZ_SPS4_E012,0.15920894736842103,0.01649342105263158,0.18371201463144587,0.0061713771713561415
TOPAZ_SPS3_E016,0.7634596551724138,0.027593448275862065,0.1334099980093194,0.010258403208358288
TOPAZ_SAS1_E032,0.8087966346153845,0.06266413461538461,0.03041601455744657,0.01528552867097208
TOPAZ_SPM1_E005,0.5522247071583515,0.00414117136659436,0.06099925705755505,0.009280665224055991
TOPAZ_SPS4_E039,0.3716466,0.0845193,0.09848291788142753,0.016978649961348517
TOPAZ_SAD1_E025,0.8641340909090909,0.0,0.06743789410884575,0.0
TOPAZ_SPS2_E005,0.45905284403669727,0.003381192660550459,0.07539184847635783,0.0033115598821084557
TOPAZ_SAS4_E002,0.40951557823129253,0.18260534013605445,0.1072839198418777,0.02966885498594148
TOPAZ_SAS1_E029,0.8823333333333333,0.0,0.12138185618164277,0.0
TOPAZ_SPS1_E036,0.8300841851851851,0.01559125925925926,0.054954501361504794,0.00836120013356488
TOPAZ_SPS1_E016,0.780379018404908,0.015210674846625768,0.03890971103122463,0.007794733878183308
TOPAZ_NAD1_E011,0.5505453548387096,0.0017217419354838709,0.06026741880120726,0.002058178800885253
TOPAZ_NAX4_E003,0.717134778761062,0.006545663716814159,0.05411068221133265,0.0034019603604382672
TOPAZ_SAS1_E006,0.7930901058201058,0.0399784126984127,0.05993746884393245,0.020118443527451277
TOPAZ_SAD1_E006,0.8275678571428572,0.0038007142857142853,0.05111196802196617,0.004845921139226072
TOPAZ_SPD1_E002,0.809801953125,0.0108003125,0.058191867492623506,0.006733370248422683
TOPAZ_SPS4_E026,0.3649901369863014,0.08552054794520547,0.10077311147940955,0.018516937665868885
TOPAZ_SPS3_E090,0.467108762886598,0.002769072164948454,0.07821023809450683,0.0021871296835176872
TOPAZ_IOS1_E046,0.8181897142857144,0.004370142857142857,0.06475769976218887,0.005691292470045081
TOPAZ_SPS4_E035,0.6601126923076921,0.23952846153846152,0.13316075145239628,0.07357864257912741
