"MAGs","PredictedTrophicMode","HeterotrophyScore","Prototrophy.prediction","Photosynthesis.prediction","Phagocyte.rozellid.prediction","Phagocyte.generalist.prediction"
"MS-all-SRF-0-8-5-00_bin-584","Phototroph",-234,0.871597313238862,0.998658636529566,0.0155892380460552,0.00193019208070558
"MS-all-SRF-20-180-00_bin-27","Heterotroph",174,0.00269447105799406,0.00133431605222339,0.511642591723561,0.579694167798517
"SAO-all-DCM-180-2000-00_bin-12","Heterotroph",65,0.000553948608961543,0.00033714061073093,0.101071938781887,0.00286494901370048
"SPO-all-SRF-5-20-00_bin-13","Phototroph",-239,0.958641781493179,0.997908319421667,0.497168427150698,0.228463390867419
"NPO-all-SRF-20-180-00_bin-76","Phototroph",-212,0.921878570095598,0.973028357522611,0.532888996685581,0.129098980200857
"MS-all-DCM-0-8-5-00_bin-94","Heterotroph",29,0.140438658007664,0.00175816025795579,0.975611051500678,0.988114941858297
"NPO-all-DCM-0-8-5-00_bin-249","Phototroph",-347,0.923334501258509,0.971089600629153,0.19302421244322,0.00669633732564642
"NPO-all-SRF-0-8-5-00_bin-646","Heterotroph",41,0.22655510862804,0.00186230245456542,0.957346908025928,0.990565151252796
"SPO-all-DCM-0-8-5-00_bin-35","Phototroph",-329,0.966256745251402,0.99813994024008,0.0408214841718182,0.00776697561025161
"SAO-all-SRF-0-8-5-00_bin-506","Phototroph",-288,0.816236315719301,0.972020768669632,0.0499947266084262,0.00424635403450981
"NPO-all-SRF-0-8-5-00_bin-490","Phototroph",-146,0.958067730919119,0.862153275378286,0.907058357616877,0.999670490739864
"SPO-all-SRF-0-8-5-00_bin-318","Phototroph",-149,0.65215779007819,0.15775488603816,0.597889855610374,0.953149150916441
"MS-all-DCM-0-8-5-00_bin-256","Phototroph",-349,0.971485779463336,0.998262367386085,0.0680743666349357,0.0351014428796027
"NAO-all-SRF-0-8-5-00_bin-76","Phototroph",-136,0.445282458167851,0.799848291386592,0.680187566222844,0.628212306592262
"SPO-all-SRF-20-180-00_bin-173","Heterotroph",74,0.00384219150227601,0.000597604191318198,0.172408568185554,0.115026256116024
"SPO-CHIL-DCM-0-8-5-00_bin-46","Phototroph",-309,0.96503663054148,0.995543792422865,0.0527888724162648,0.00422144843932838
"SAO-all-DCM-0-8-5-00_bin-516","Phototroph",-108,0.9520191384618,0.985271389336473,0.973132669988349,0.990595278810802
"SPO-all-SRF-0-8-5-00_bin-449","Heterotroph",69,0.215994299251954,0.00159733562943533,0.940892330945205,0.997696817923544
"NAO-all-SRF-0-8-5-00_bin-339","Phototroph",-94,0.115601174190536,0.341328405112054,0.255595248964361,0.189523866420114
"SAO-all-DCM-0-8-5-00_bin-253","Heterotroph",17,0.0547569933705055,0.00173208836412143,0.0845939562264469,0.0291347271914053
"NPO-all-SRF-0-8-5-00_bin-232","Phototroph",-250,0.985049016806114,0.999527498410775,0.505906421987376,0.590950730439434
"SPO-all-SRF-180-2000-00_bin-146","Heterotroph",116,0.0125358546446984,0.00127838680664784,0.353537068179186,0.91576193725197
"SO-all-SRF-0-8-5-00_bin-112","Heterotroph",34,0.0448868572010315,0.00609745587036183,0.886846337442402,0.969414302636636
"SPO-all-SRF-20-180-00_bin-146","Heterotroph",185,0.00565980798548,0.00239200335078903,0.522208660121917,0.879137186241812
"SAO-all-SRF-0-8-5-00_bin-333","Phototroph",-343,0.783083067925619,0.912030795420047,0.116042579832442,0.00173559404511815
"MS-all-SRF-5-20-00_bin-9","Heterotroph",162,0.0138639489017533,0.00173127452416062,0.438178137857291,0.729607403362065
"IO-all-SRF-5-20-00_bin-71","Heterotroph",71,0.475349459065072,0.0255334331919404,0.601613508859711,0.983502524016394
"IO-all-DCM-0-8-5-00_bin-157","Heterotroph",91,0.26573016726173,0.00435399467544162,0.973991814142038,0.993833022375018
"NAO-all-SRF-0-8-5-00_bin-297","Heterotroph",68,0.859504238323543,0.012986994258054,0.854348852522064,0.998681443546606
"SAO-all-DCM-0-8-5-00_bin-245","Phototroph",-215,0.896830166927727,0.853099944521475,0.665751072380976,0.789731180091721
"SPO-all-SRF-0-8-5-00_bin-867","Phototroph",-352,0.983646040630057,0.999306369379053,0.0527693584472777,0.0293198569414704
"NAO-all-MIX-0-8-5-00_bin-161","Phototroph",-245,0.985720937046834,0.994930527864074,0.663405542505536,0.613962478155384
"NAO-all-DCM-0-8-5-00_bin-160","Phototroph",-299,0.981802301953892,0.999787890441332,0.0326176166789622,0.0184750501532111
"IO-all-SRF-0-8-5-00_bin-446","Heterotroph",88,0.0430266152875675,0.00285454252684422,0.89899074450289,0.99759823450305
"SAO-all-MES-0-8-5-00_bin-84","Heterotroph",90,0.0559726882051317,0.00129222754803771,0.963041760612496,0.99442539303224
"MS-all-SRF-0-8-5-00_bin-198","Phototroph",-140,0.937929087021262,0.971156500693738,0.936884545591719,0.982634292578899
"RS-all-SRF-0-8-5-00_bin-50","Phototroph",-284,0.87096640814586,0.886078035684305,0.00991672681383092,0.00404956401002128
"SAO-all-SRF-0-8-5-00_bin-546","Phototroph",-188,0.867110387870566,0.949105882291739,0.203296876469348,0.453577166648363
"SPO-SPSG-DCM-0-8-5-00_bin-173","Phototroph",-342,0.952519157444922,0.996271310919317,0.0652104706280861,0.00640756697921483
"MS-all-SRF-180-2000-00_bin-24","Heterotroph",207,0.00581977683094617,0.00260580829154353,0.375738257159433,0.913512401661097
"IO-all-DCM-20-180-00_bin-57","Phototroph",-204,0.483544280932207,0.708935989797644,0.0344237693344346,0.00174245301840427
"SPO-all-DCM-0-8-5-00_bin-501","Heterotroph",32,0.105098898143019,0.00825442883992563,0.802630264723497,0.955824726565916
"SPO-all-SRF-0-8-5-00_bin-165","Phototroph",-149,0.56150317843351,0.510170135190192,0.534830951585004,0.0134592803882799
"SAO-all-DCM-0-8-5-00_bin-465","Heterotroph",22,0.0154464496888613,0.000936180205085345,0.91681484596343,0.823164210086212
"NPO-all-SRF-0-8-5-00_bin-113","Heterotroph",76,0.0199040116111054,0.000811705310660146,0.944815203906986,0.995476035974684
"SPO-CHIL-SRF-180-2000-00_bin-2","Phototroph",-331,0.902894133716387,0.992768741903354,0.220575824730167,0.0136208292274819
"SAO-all-DCM-0-8-5-00_bin-441","Phototroph",-368,0.922859576237355,0.983365635363979,0.188234271373078,0.00834891586876915
"NPO-all-SRF-5-20-00_bin-46","Heterotroph",122,0.00128447961039794,0.000511062650865073,0.21394713218446,0.53654848194343
"NAO-all-SRF-0-8-5-00_bin-528","Phototroph",-325,0.947168667821261,0.997703658024988,0.0820337419154279,0.0419007738059865
"IO-all-SRF-0-8-5-00_bin-89","Phototroph",-235,0.966872723915525,0.99762153867314,0.540041178274207,0.700595518808845
"SPO-all-SRF-20-180-00_bin-125","Phototroph",-247,0.948168185886889,0.998978385350447,0.77240148695775,0.66124875230097
"NAO-all-SRF-180-2000-00_bin-24","Heterotroph",183,0.0024316836115847,0.0018477762604875,0.170191131544706,0.626643304184544
"MS-all-DCM-0-8-5-00_bin-53","Phototroph",-197,0.349910177649999,0.859623846743282,0.152214092996547,0.01245631599805
"IO-all-SRF-180-2000-00_bin-21","Heterotroph",62,0.000967076703423095,0.000924500427962208,0.147971877637441,0.144693326239373
"SAO-all-SRF-0-8-5-00_bin-71","Phototroph",-266,0.433220729655719,0.534627776382599,0.049296737232322,0.00455202150348335
"NAO-all-MES-0-8-5-00_bin-268","Heterotroph",98,0.991729165961727,0.00326424583594674,0.0176487287907089,0.00526753577818668
"IO-all-DCM-0-8-5-00_bin-12","Phototroph",-142,0.86201292570807,0.591672747421132,0.896991033331882,0.994701296105825
"SPO-all-SRF-180-2000-00_bin-49","Heterotroph",186,0.00270348307447164,0.00087130450853928,0.278254605915863,0.786271104201833
"MS-all-SRF-180-2000-00_bin-27","Heterotroph",134,0.00181944758400209,0.00136762162815169,0.220673796865048,0.418802580041964
"NAO-all-SRF-0-8-5-00_bin-523","Phototroph",-73,0.0889467146353991,0.226425521927103,0.545143085016513,0.0652737686131247
"SPO-all-SRF-0-8-5-00_bin-469","Heterotroph",93,0.406193511646355,0.00796962946023269,0.988095158316891,0.999798464942685
"NAO-all-SRF-0-8-5-00_bin-745","Phototroph",-257,0.987347826410579,0.999384234138923,0.62610769144961,0.797725564245467
"IO-all-SRF-0-8-5-00_bin-298","Heterotroph",63,0.0685018945943427,0.00111797120465929,0.807049194023424,0.986172268767562
"MS-all-SRF-0-8-5-00_bin-479","Heterotroph",33,0.647350432430928,0.0111044911665283,0.975326323382318,0.999779008446713
"SAO-all-SRF-0-8-5-00_bin-212","Phototroph",-328,0.993537211162682,0.999866244485152,0.167059302127666,0.0742218709377299
"SAO-all-SRF-180-2000-00_bin-31","Heterotroph",52,0.000466806130659225,0.00114194725760797,0.412488256464815,0.203266959966171
"SPO-SPSG-SRF-20-180-00_bin-71","Heterotroph",221,0.0178346623185328,0.00113903203181454,0.454578159879048,0.941636146212709
"SPO-SPSG-SRF-5-20-00_bin-108","Heterotroph",117,0.000479545972377034,0.000608299163320743,0.400051356249055,0.606842481825349
"IO-all-DCM-0-8-5-00_bin-353","Phototroph",-355,0.97998178205626,0.9992878546734,0.101062653910737,0.0225392237512046
"SAO-all-SRF-0-8-5-00_bin-575","Phototroph",-158,0.796014974656239,0.673839501437329,0.527668593607658,0.405482626869741
"IO-all-SRF-0-8-5-00_bin-380","Heterotroph",17,0.285520516755223,0.00711150224746241,0.944979789801274,0.998439365174708
"NPO-all-SRF-0-8-5-00_bin-249","Heterotroph",85,0.835388779395983,0.00614308228797225,0.943331545804293,0.999941744861062
"RS-all-SRF-0-8-5-00_bin-7","Phototroph",-130,0.893470905429544,0.947248067334312,0.815735579711071,0.911331645070279
"IO-all-SRF-20-180-00_bin-30","Heterotroph",194,0.00441636890031512,0.00243713233439659,0.361777662499351,0.983187659777906
"SO-all-DCM-0-8-5-00_bin-49","Heterotroph",14,0.0545202985111312,0.00186695151939988,0.512047240203671,0.885353135315675
"SPO-SPSG-SRF-20-180-00_bin-113","Heterotroph",119,0.00185230011005526,0.000925020364711777,0.218890919399007,0.257932664339296
"MS-all-SRF-0-8-5-00_bin-172","Phototroph",-189,0.846742269911993,0.855067666037725,0.47455519145141,0.717390517606458
"SAO-all-DCM-0-8-5-00_bin-428","Heterotroph",40,0.0151100159399233,0.00195811259115872,0.203587905423197,0.698359175109167
"NPO-all-DCM-0-8-5-00_bin-379","Phototroph",-298,0.910414783794225,0.989121975434395,0.0710345286990105,0.0106704492356792
"IO-all-SRF-0-8-5-00_bin-250","Phototroph",-350,0.984071823264861,0.998599737062087,0.072051094781602,0.0240737157310559
"NAO-all-DCM-20-180-00_bin-25","Heterotroph",117,0.00145957974752964,0.00138369846386804,0.280593132787107,0.0965889905070932
"SAO-all-SRF-0-8-5-00_bin-590","Phototroph",-159,0.935719515503831,0.904261954836465,0.60698570483236,0.997621458007639
"IO-all-SRF-180-2000-00_bin-30","Heterotroph",80,0.000541680174220768,0.000542568612735994,0.691098770009466,0.287603414653537
"MS-all-SRF-180-2000-00_bin-83","Heterotroph",122,0.000516283189380542,0.000499781272328535,0.392097269232296,0.577402387412013
"NPO-all-SRF-0-8-5-00_bin-146","Phototroph",-158,0.608585585076168,0.450685445820433,0.276339019781459,0.354529042875687
"MS-all-SRF-0-8-5-00_bin-426","Phototroph",-198,0.927207854089014,0.883933207148519,0.534504753215952,0.975576675523763
"IO-all-DCM-0-8-5-00_bin-344","Phototroph",-370,0.940589643372639,0.985983792287291,0.139353755688587,0.00205074563025807
"MS-all-DCM-0-8-5-00_bin-322","Phototroph",-169,0.53995096947887,0.285051154993947,0.401808080223915,0.631551256798095
"SPO-SPSG-SRF-20-180-00_bin-62","Phototroph",-256,0.977330875670171,0.999729220788336,0.541249428744311,0.736873591416763
"NAO-all-SRF-0-8-5-00_bin-142","Phototroph",-299,0.913660304410188,0.98769527479495,0.0444593951957605,0.0164293697777134
"SAO-all-SRF-0-8-5-00_bin-414","Heterotroph",40,0.126357035577214,0.00644742468991024,0.888484582534068,0.98079754565974
"NPO-all-SRF-0-8-5-00_bin-575","Heterotroph",15,0.329988044407567,0.018216594804272,0.923447716825694,0.990910059882456
"IO-all-DCM-0-8-5-00_bin-21","Heterotroph",49,0.382174602762816,0.00823395596988469,0.778201375645106,0.983010914111268
"SAO-all-SRF-20-180-00_bin-42","Heterotroph",141,0.00439611723046935,0.00164849054320308,0.196498468870334,0.538474196505554
"NAO-all-SRF-20-180-00_bin-19","Heterotroph",60,0.000572536092890016,0.00070109947637186,0.0468742756013965,0.010159471706899
"SPO-all-SRF-5-20-00_bin-120","Phototroph",-135,0.502005823060104,0.374247886154663,0.185536242539891,0.0888568036766659
"MS-all-DCM-20-180-00_bin-41","Heterotroph",145,0.013214659943278,0.00144117092752381,0.228512857405916,0.414449466365615
"IO-all-DCM-0-8-5-00_bin-306","Phototroph",-323,0.925145068409461,0.993524686540822,0.068366767011464,0.0104794342701493
"IO-all-SRF-0-8-5-00_bin-290","Phototroph",-190,0.849648601720744,0.955668993905181,0.240446574394484,0.0202092524998335
"SPO-SPSG-SRF-0-8-5-00_bin-427","Heterotroph",40,0.776499171371353,0.0303965280025374,0.953835066442017,0.998185122546771
"SPO-all-DCM-0-8-5-00_bin-332","Phototroph",-149,0.643558833593054,0.904640851896033,0.310801049268588,0.0657302069281268
"SAO-all-SRF-5-20-00_bin-16","Heterotroph",97,0.985444305168721,0.0031645100493167,0.0192833165493201,0.00108301722576132
"NAO-all-MIX-0-8-5-00_bin-163","Phototroph",-230,0.957195307429519,0.993503355206626,0.662554516719591,0.949265531774463
"SAO-all-DCM-0-8-5-00_bin-588","Phototroph",-99,0.927712301883822,0.875388945046701,0.967635769370084,0.95689063826859
"SPO-all-DCM-0-8-5-00_bin-575","Heterotroph",98,0.991729165961727,0.00326424583594674,0.0176487287907089,0.0053062805991249
"SPO-all-SRF-20-180-00_bin-172","Heterotroph",156,0.00234262478999353,0.000993356153014498,0.324348597775011,0.718335868781219
"SPO-SPSG-SRF-180-2000-00_bin-10","Heterotroph",83,0.000517485548260985,0.00123349135883891,0.770585400042793,0.264848586378751
"SPO-PEOD-DCM-20-180-00_bin-18","Heterotroph",206,0.0208238243797587,0.00193999145124462,0.443188744813288,0.959307063122272
"NPO-all-DCM-0-8-5-00_bin-411","Phototroph",-299,0.897784006681919,0.986357453830551,0.0627051627748037,0.00518435991013233
"NPO-all-SRF-20-180-00_bin-25","Heterotroph",180,0.0103028631881965,0.000617311148043023,0.475822932993325,0.79720978798511
"SPO-SPSG-DCM-5-20-00_bin-33","Phototroph",-269,0.985993855173143,0.999506375680922,0.670250825856855,0.783413753345708
"NAO-all-MES-0-8-5-00_bin-372","Heterotroph",96,0.988443854644987,0.00537030117141325,0.0111544871848022,0.00154389821709868
"SAO-all-SRF-0-8-5-00_bin-366","Phototroph",-191,0.839413594893065,0.939163690066446,0.236961351741278,0.0298392141591034
"NPO-all-SRF-20-180-00_bin-1","Heterotroph",197,0.00277199688208618,0.00254620964355657,0.305218842108561,0.909788341521346
"IO-all-SRF-0-8-5-00_bin-538","Phototroph",-392,0.947645967036525,0.990714861667078,0.259882219272665,0.00207790396845986
"SAO-all-SRF-0-8-5-00_bin-266","Heterotroph",29,0.280734839039136,0.00790731927373061,0.951243766021701,0.997397900236829
"SAO-all-DCM-0-8-5-00_bin-248","Phototroph",-21,0.995452581929494,0.813462486165673,0.993174275518261,0.999998097445745
"SPO-all-SRF-20-180-00_bin-214","Heterotroph",213,0.0130335320501578,0.000915873336654531,0.433356877722831,0.943316437925979
"NAO-all-SRF-0-8-5-00_bin-231","Phototroph",-263,0.961456623516004,0.997580949844088,0.156018655597605,0.0960539918569638
"MS-all-SRF-0-8-5-00_bin-588","Phototroph",-168,0.87042339678291,0.63966596482772,0.426091252797524,0.99949554223229
"IO-all-SRF-0-8-5-00_bin-325","Phototroph",-93,0.386928033122145,0.119042647336155,0.336458949964009,0.916182123203008
"SPO-PEOD-DCM-0-8-5-00_bin-41","Phototroph",-247,0.937083974374362,0.9980830035885,0.488901200926529,0.641574294737396
"SPO-all-SRF-0-8-5-00_bin-761","Phototroph",-355,0.964604268536332,0.998855867630167,0.0639770390193054,0.0174815535857452
"IO-all-DCM-0-8-5-00_bin-320","Phototroph",-123,0.425251127322987,0.431209741566306,0.710142816256835,0.0151834405912117
"SAO-all-SRF-0-8-5-00_bin-171","Phototroph",-230,0.702673565760545,0.674985743313903,0.0350743343411424,0.00380595389659388
"NAO-all-MIX-0-8-5-00_bin-275","Phototroph",-92,0.0594356058903279,0.312137497292982,0.772618748996627,0.891699377678364
"SAO-all-SRF-0-8-5-00_bin-26","Phototroph",-145,0.631961231412617,0.733919459248091,0.279407787380226,0.657569571207583
"SPO-SPSG-SRF-180-2000-00_bin-113","Heterotroph",139,0.0390030414796067,0.00215803097617571,0.750642109136053,0.999248020749136
"SPO-SPSG-SRF-0-8-5-00_bin-578","Heterotroph",31,0.438457798214533,0.0195145853825034,0.871328670102374,0.957568966501364
"IO-all-SRF-20-180-00_bin-26","Phototroph",-285,0.980357625412094,0.999000293772127,0.100046778835284,0.00113126266394738
"MS-all-SRF-180-2000-00_bin-37","Heterotroph",147,0.00586164178088648,0.00121018176048643,0.225496195471955,0.829580309214075
"SPO-SPSG-SRF-0-8-5-00_bin-277","Phototroph",-241,0.983592696805265,0.999113167251134,0.675455792994933,0.771304450157369
"NPO-all-MES-0-8-5-00_bin-163","Heterotroph",51,0.8985321614715,0.00256494913529057,0.00232475369291317,0.000483020327557119
"MS-all-SRF-0-8-5-00_bin-158","Phototroph",-149,0.783121702253054,0.909403757751775,0.555385143931678,0.996077876344506
"IO-all-SRF-0-8-5-00_bin-105","Phototroph",-97,0.269791790567028,0.0386895724652367,0.478476145868408,0.90792695219194
"SPO-SPSG-SRF-0-8-5-00_bin-151","Phototroph",-123,0.673860927151983,0.352149554716186,0.308470699596101,0.101217751200852
"NPO-all-SRF-180-2000-00_bin-25","Heterotroph",81,0.000973249084880124,0.000695112135083381,0.168347699079721,0.324028685784774
"MS-all-DCM-20-180-00_bin-72","Heterotroph",124,0.00284184796988989,0.00130906152984875,0.167316331938482,0.120814311835849
"NPO-all-DCM-0-8-5-00_bin-211","Phototroph",-125,0.712481355815213,0.887001510525562,0.256150965121014,0.0138560528830894
"MS-all-SRF-5-20-00_bin-24","Heterotroph",56,0.00116914676280876,0.000866129559854141,0.203374739270832,0.0252239714813594
"IO-all-SRF-0-8-5-00_bin-141","Heterotroph",62,0.769777331374046,0.00703967065875499,0.983688234003432,0.999421114620178
"NAO-all-MIX-0-8-5-00_bin-117","Heterotroph",148,0.289364506297705,0.00281659432743266,0.95838059622792,0.999053050424541
"SAO-all-DCM-0-8-5-00_bin-282","Phototroph",-121,0.792509242050024,0.596308165982099,0.915479405679229,0.987131927842321
"SAO-all-DCM-0-8-5-00_bin-587","Heterotroph",82,0.824930636093022,0.0082064757186762,0.950425086820303,0.999934228245811
"MS-all-SRF-0-8-5-00_bin-93","Phototroph",-304,0.980943154867982,0.999539960897663,0.124875614420888,0.0151456639950952
"IO-all-DCM-0-8-5-00_bin-17","Phototroph",-198,0.81096651457261,0.951543522433815,0.297178574190056,0.0270214144634695
"SPO-all-SRF-0-8-5-00_bin-931","Phototroph",-247,0.977411522189622,0.99898657298643,0.612002247380835,0.682082190485672
"MS-all-SRF-0-8-5-00_bin-405","Phototroph",-168,0.821439719663624,0.758129668022267,0.572567522893472,0.979883399235885
"SO-all-SRF-0-8-5-00_bin-110","Phototroph",-301,0.96937279151848,0.978439964663964,0.489446036822112,0.267030047374333
"MS-all-SRF-0-8-5-00_bin-582","Heterotroph",65,0.888508442638926,0.0234371108056679,0.978678828783289,0.999859470054036
"SPO-all-SRF-0-8-5-00_bin-775","Heterotroph",74,0.697553852030635,0.00553384592590626,0.955244046802656,0.971683086886111
"SPO-CHIL-MES-0-8-5-00_bin-22","Heterotroph",76,0.930521216195616,0.00334247667977951,0.00395562011431006,0.00273341098772291
"SAO-all-DCM-0-8-5-00_bin-539","Phototroph",-249,0.958381790397484,0.995407703283658,0.102359948303957,0.0107723268023153
"SPO-SPSG-DCM-0-8-5-00_bin-224","Heterotroph",100,0.991729165961727,0.00306496559444541,0.0176487287907089,0.0053062805991249
"SPO-SPSG-DCM-20-180-00_bin-25","Heterotroph",209,0.0458278158159437,0.00211107353648882,0.385288107484506,0.784967392820585
"NPO-all-SRF-0-8-5-00_bin-371","Phototroph",-156,0.837194223565539,0.795912696152708,0.190571744078613,0.033246773584731
"MS-all-SRF-20-180-00_bin-4","Heterotroph",197,0.00379350990592441,0.00266436632970264,0.528545787374629,0.981557693033017
"NAO-all-SRF-0-8-5-00_bin-316","Heterotroph",66,0.826952535726304,0.00461152152165987,0.939353386109211,0.999778114649688
"SPO-all-SRF-0-8-5-00_bin-148","Heterotroph",54,0.29766871533969,0.0163105087027242,0.954260864762561,0.99793842279756
"NAO-all-MIX-0-8-5-00_bin-96","Phototroph",-272,0.986647321561826,0.999548807087418,0.641783799676694,0.82949054235698
"SPO-all-SRF-0-8-5-00_bin-234","Phototroph",-164,0.958384811110176,0.988834004766589,0.441538119918283,0.997212420246947
"IO-all-SRF-0-8-5-00_bin-256","Heterotroph",52,0.338417620114466,0.00445601650669548,0.902741796177309,0.992417096182632
"IO-all-DCM-20-180-00_bin-62","Phototroph",-226,0.580361426358669,0.369296371759102,0.043369087233351,0.00106304114225638
"NAO-all-MIX-0-8-5-00_bin-132","Heterotroph",38,0.265594048547742,0.00544254868248269,0.974858136260531,0.999047087105939
"SPO-all-SRF-0-8-5-00_bin-190","Phototroph",-342,0.906777586430256,0.860807502796798,0.152009142321352,0.0432602869654609
"NAO-all-SRF-0-8-5-00_bin-253","Phototroph",-187,0.964666656911978,0.979247249281874,0.655284611944427,0.996653191220426
"SPO-SPSG-SRF-0-8-5-00_bin-580","Phototroph",-331,0.889248567003833,0.847495359544365,0.228674043535709,0.0439815360526355
"IO-all-SRF-20-180-00_bin-43","Heterotroph",111,0.00129103362873397,0.00108794660523255,0.232300718112761,0.411939250680995
"SPO-SPSG-DCM-5-20-00_bin-1","Phototroph",-92,0.039406544485702,0.035797473205878,0.267613079057302,0.00568782228838043
"SPO-PEOD-DCM-20-180-00_bin-4","Heterotroph",132,0.00448440391404671,0.00162942460776732,0.240009036266605,0.58104279627542
"RS-all-SRF-0-8-5-00_bin-17","Phototroph",-377,0.915250619772122,0.971225052929503,0.139353755688587,0.00193639765475413
"SPO-SPSG-SRF-0-8-5-00_bin-104","Heterotroph",61,0.488880244117057,0.00206807274394346,0.960682596561545,0.998610370736171
"SPO-SPSG-MIX-0-8-5-00_bin-132","Phototroph",-232,0.980839549572871,0.999178789281744,0.650530800242262,0.618283388502716
"SAO-all-DCM-0-8-5-00_bin-271","Phototroph",-284,0.761600363999198,0.967375355556949,0.0549477944490298,0.00607689137496011
"SAO-all-SRF-0-8-5-00_bin-111","Phototroph",-115,0.701372949160173,0.0654544320748537,0.306303694531029,0.960985794935044
"SPO-all-DCM-0-8-5-00_bin-138","Phototroph",-174,0.841515056652306,0.991022843111369,0.540929015023465,0.46973122863215
"SPO-SPSG-SRF-20-180-00_bin-93","Heterotroph",84,0.000793417757764907,0.000595832041288338,0.151231717671018,0.104542744831091
"NPO-all-DCM-0-8-5-00_bin-17","Heterotroph",35,0.0555181746474436,0.00188279469654281,0.857893279757237,0.960841698184298
"SAO-all-SRF-180-2000-00_bin-37","Heterotroph",204,0.00699649216553752,0.000848817345024755,0.320039679084458,0.9902438706198
"IO-all-MES-0-8-5-00_bin-59","Heterotroph",64,0.971754787102236,0.00128196586096169,0.0124424590232583,0.000209744288289798
"NAO-all-SRF-0-8-5-00_bin-631","Phototroph",-246,0.885905506103747,0.999585026258796,0.0199014874021164,0.00590460534604387
"IO-all-DCM-20-180-00_bin-38","Heterotroph",104,0.000988996397367727,0.000422177462974659,0.462258937608537,0.417516965012382
"NPO-all-DCM-5-20-00_bin-24","Phototroph",-234,0.981544931718534,0.996401987271454,0.670250825856855,0.468004297435543
"IO-all-SRF-5-20-00_bin-121","Phototroph",-336,0.867834072315064,0.839281563796182,0.121016919949996,0.00108989140448041
"IO-all-SRF-0-8-5-00_bin-406","Phototroph",-171,0.383349407475619,0.93017502483665,0.0231672144582533,0.000800690114262524
"SPO-SPSG-SRF-0-8-5-00_bin-285","Heterotroph",96,0.892870036848886,0.0087486421054809,0.986438153929385,0.999877603971207
"SPO-SPSG-SRF-180-2000-00_bin-129","Heterotroph",73,0.000307269996365941,0.000324421988274957,0.203456349403092,0.243420983851066
"SPO-all-SRF-0-8-5-00_bin-907","Heterotroph",45,0.30763378169157,0.00749065028183225,0.960436085795133,0.9959024930357
"SPO-all-SRF-0-8-5-00_bin-551","Phototroph",-210,0.853825048435013,0.718033406582579,0.0103377545859586,0.00911444455187977
"SPO-all-DCM-0-8-5-00_bin-275","Phototroph",-259,0.97481360039884,0.994652883777669,0.768727319698335,0.821519761594176
"NPO-all-SRF-20-180-00_bin-72","Heterotroph",118,0.00315482388840922,0.00110194593529746,0.252392865133009,0.600503740953778
"SPO-SPSG-SRF-0-8-5-00_bin-581","Phototroph",-179,0.983087391950867,0.988760034630362,0.841667835142401,0.997938977196633
"NPO-all-DCM-20-180-00_bin-55","Phototroph",-178,0.833811777957927,0.918939744204961,0.127873960493016,0.019358464441765
"SPO-PEOD-SRF-5-20-00_bin-8","Phototroph",-98,0.0122464611498941,0.531292747756712,0.196165359621353,0.0180910478746223
"SAO-all-SRF-0-8-5-00_bin-34","Phototroph",-195,0.955760308320465,0.776039244744741,0.438654326007087,0.845156794195222
"SPO-SPSG-SRF-20-180-00_bin-115","Heterotroph",112,0.00371309771800922,0.000496145278322206,0.199684711061481,0.362488611054666
"NPO-all-SRF-0-8-5-00_bin-407","Phototroph",-260,0.955048044695544,0.999178920477818,0.617377329945557,0.713110981530384
"MS-all-SRF-0-8-5-00_bin-318","Heterotroph",66,0.119186473964324,0.00191703723653451,0.890953225923799,0.9898722735349
"SPO-all-SRF-0-8-5-00_bin-561","Heterotroph",42,0.295887371287723,0.00531058725492274,0.972809221750091,0.999631379318562
"SPO-SPSG-SRF-0-8-5-00_bin-608","Phototroph",-348,0.984027233766948,0.99926802218617,0.0527693584472777,0.0240237558643633
"MS-all-SRF-0-8-5-00_bin-131","Heterotroph",47,0.40139925590456,0.00440006447305657,0.948869656086545,0.999885803758538
"MS-all-SRF-20-180-00_bin-87","Heterotroph",91,0.00598614206785505,0.000800923709919686,0.245199669734957,0.260777635188615
"IO-all-MES-0-8-5-00_bin-188","Heterotroph",47,0.30195416086053,0.00148273506144207,0.00579446161887635,0.000315911461146612
"SPO-PEOD-SRF-5-20-00_bin-37","Phototroph",-220,0.912635463717434,0.989114020625061,0.581161064361474,0.65177820935218
"IO-all-SRF-0-8-5-00_bin-22","Phototroph",-324,0.847029422403456,0.967179921693051,0.0575742923788296,0.0119525934722837
"SPO-all-DCM-0-8-5-00_bin-527","Heterotroph",79,0.22747002488178,0.00309656595248315,0.911047878696666,0.993561275777068
"NPO-all-SRF-0-8-5-00_bin-297","Phototroph",-160,0.943348639142749,0.948069745780405,0.962452725524484,0.990144370331347
"IO-all-SRF-0-8-5-00_bin-260","Heterotroph",80,0.759256872637289,0.00314514870571386,0.976195890190856,0.998911674632085
"IO-all-SRF-0-8-5-00_bin-183","Heterotroph",21,0.249475609052944,0.00202209337985636,0.948925742003992,0.955340702014337
"SPO-all-SRF-180-2000-00_bin-303","Heterotroph",85,0.000901250187268547,0.000990785336293398,0.0848252282587099,0.205925823702485
"MS-all-SRF-0-8-5-00_bin-250","Phototroph",-153,0.470993464635842,0.729943040204309,0.465560568367578,0.627459280217039
"SAO-all-DCM-0-8-5-00_bin-62","Phototroph",-195,0.91810363429081,0.999073596913862,0.0716095966115545,0.798370948163153
"MS-all-SRF-0-8-5-00_bin-425","Phototroph",-148,0.0729913127820466,0.582171908441354,0.0687244703697407,0.00227174679924939
"SPO-all-SRF-180-2000-00_bin-151","Heterotroph",92,0.000531746126444252,0.000720218368623324,0.799986691744644,0.399336537054948
"SAO-all-DCM-0-8-5-00_bin-43","Phototroph",-275,0.985865896143086,0.999598413801789,0.670250825856855,0.845924431995366
"SPO-all-SRF-0-8-5-00_bin-1028","Phototroph",-202,0.951446627589322,0.921725660414801,0.433380451720048,0.947728634804167
"SPO-all-SRF-180-2000-00_bin-136","Heterotroph",131,0.0368325902495994,0.00200530656328793,0.691942123025713,0.998669991090769
"SPO-all-SRF-0-8-5-00_bin-975","Heterotroph",-77,0.178548418744192,0.0788631477515372,0.012862708592022,0.00249594587218395
"SPO-all-DCM-0-8-5-00_bin-566","Phototroph",-257,0.962758273949835,0.999103376565078,0.480139557688666,0.860055948529976
"SPO-CHIL-SRF-0-8-5-00_bin-213","Phototroph",-194,0.857062822632841,0.627907318864143,0.112418210743152,0.756264162773868
"NPO-all-DCM-20-180-00_bin-60","Heterotroph",79,0.000206063908049414,0.000410931340399238,0.533786060507953,0.110775896637008
"NPO-all-SRF-0-8-5-00_bin-126","Phototroph",-150,0.555370310439829,0.636832336400332,0.458476111456709,0.0259473667794978
"SPO-SPSG-SRF-0-8-5-00_bin-379","Phototroph",-87,0.319627221200679,0.162395710159801,0.0149155033199138,0.00198573362473548
"NAO-all-SRF-20-180-00_bin-44","Heterotroph",64,0.0028273443046004,0.00095459363753276,0.318790909111083,0.213584850655026
"NAO-all-DCM-0-8-5-00_bin-131","Phototroph",-281,0.860656470041004,0.86468212091473,0.0470499820486094,0.01222222730034
"NPO-all-DCM-20-180-00_bin-73","Heterotroph",61,0.00149838141470567,0.00062583361563542,0.037476155272024,0.0201417641458304
"SPO-SPSG-SRF-180-2000-00_bin-96","Heterotroph",128,0.0101376435051124,0.000983589119663088,0.901366261195719,0.853381973660099
"NAO-all-MIX-20-180-00_bin-13","Heterotroph",107,0.00142783984660463,0.00154479360937929,0.0439975587611213,0.149040205913956
"IO-all-SRF-0-8-5-00_bin-223","Heterotroph",81,0.755797882128275,0.0150872500655937,0.907296179370255,0.996716751145906
"SAO-all-DCM-0-8-5-00_bin-200","Phototroph",-251,0.976212131514008,0.985227226593957,0.989005694482993,0.998650908592714
"SPO-SPSG-MIX-0-8-5-00_bin-106","Heterotroph",64,0.10248412154629,0.00470708996102144,0.965408949325429,0.995758753297935
"SPO-all-SRF-0-8-5-00_bin-716","Heterotroph",25,0.680152041453611,0.0109113610915945,0.93682160792585,0.875664620564437
"NAO-all-DCM-0-8-5-00_bin-243","Phototroph",-228,0.667646297178931,0.872727249183884,0.0311644899996372,0.0121537865580245
"SAO-all-SRF-0-8-5-00_bin-459","Phototroph",-181,0.773329549349416,0.904204586077525,0.00820099044320638,0.0113030267379867
"SPO-all-SRF-0-8-5-00_bin-460","Heterotroph",83,0.932143949880245,0.00628651650773096,0.963375083700449,0.999921526231121
"NAO-all-SRF-0-8-5-00_bin-334","Phototroph",-237,0.985514863336372,0.996040009427387,0.476869544727934,0.619560278077245
"SPO-all-SRF-0-8-5-00_bin-664","Phototroph",-169,0.972305984369324,0.944280448316825,0.913010615383114,0.993835780020284
"SAO-all-SRF-0-8-5-00_bin-141","Heterotroph",53,0.924484932665899,0.0640442207458918,0.98906984528877,0.999820401192845
"NAO-all-SRF-0-8-5-00_bin-167","Phototroph",-172,0.920220805508743,0.980686144705195,0.737342225270424,0.990750924380418
"MS-all-DCM-0-8-5-00_bin-318","Phototroph",-82,0.151652910721328,0.153325784160776,0.44644816669936,0.377125916485513
"SPO-SPSG-SRF-0-8-5-00_bin-663","Phototroph",-173,0.977228446414453,0.980015794450785,0.96671796175778,0.998030649017279
"SPO-SPSG-SRF-0-8-5-00_bin-658","Phototroph",-134,0.865784823371939,0.938015280734061,0.924874049610159,0.995311182454352
"RS-all-SRF-20-180-00_bin-8","Heterotroph",99,0.00360889798975796,0.00121727681878046,0.291216579119126,0.744826298314665
"MS-all-SRF-5-20-00_bin-56","Heterotroph",165,0.00353073611463367,0.000782674492513872,0.312805258684943,0.908512461391025
"NAO-all-SRF-0-8-5-00_bin-550","Phototroph",-224,0.844162595605934,0.996537741192187,0.105857004751957,0.0027173349883971
"SPO-CHIL-DCM-20-180-00_bin-3","Heterotroph",96,0.0168320379918446,0.00103000482760367,0.210929022113203,0.278488113976405
"IO-all-DCM-20-180-00_bin-103","Heterotroph",155,0.0228872754603747,0.00205759478414677,0.418639222172853,0.870823727217175
"SAO-all-MES-0-8-5-00_bin-71","Heterotroph",89,0.984303003137225,0.00326424583594674,0.0127958440175894,0.00375267272103867
"IO-all-SRF-20-180-00_bin-121","Heterotroph",186,0.00631763592688493,0.00227672693508342,0.33342890352665,0.950154604095399
"SPO-all-SRF-20-180-00_bin-88","Phototroph",-198,0.739775109377142,0.934024262180398,0.461979930651663,0.348361666973592
"IO-all-FSW-0-8-5-00_bin-83","Phototroph",-180,0.758915897494967,0.903755196467499,0.240446574394484,0.021844438400694
"NPO-all-SRF-20-180-00_bin-17","Heterotroph",92,0.00100842881385067,0.0012223656510829,0.382247119922931,0.324418589227069
"SAO-all-SRF-20-180-00_bin-78","Heterotroph",49,0.000505040375273911,0.000488654973528573,0.0189523731667198,0.0143979569131789
"SAO-all-DCM-0-8-5-00_bin-320","Phototroph",-134,0.345699689097152,0.738472919798394,0.153232629206683,0.0108505977259327
"NAO-all-SRF-180-2000-00_bin-87","Heterotroph",113,0.000556737931805479,0.000588600830358922,0.750513404362488,0.687175207343644
"SPO-all-SRF-0-8-5-00_bin-130","Phototroph",-354,0.981150432459849,0.999699414567109,0.0408214841718182,0.00799597393048571
"SO-all-SRF-0-8-5-00_bin-20","Phototroph",-213,0.170912113327802,0.309215992409672,0.0160702326211999,0.000188398796671358
"NAO-all-SRF-0-8-5-00_bin-169","Phototroph",-282,0.93886488814509,0.993641025619989,0.0375305378044596,0.0220958459596113
"SAO-all-SRF-20-180-00_bin-71","Heterotroph",173,0.00403198393409934,0.00110108748374316,0.407453486428626,0.892836969720338
"SAO-all-SRF-0-8-5-00_bin-484","Phototroph",-348,0.954338643447225,0.999098789321212,0.0680743666349357,0.0338841978153021
"IO-all-FSW-0-8-5-00_bin-66","Heterotroph",42,0.00169899479628028,0.00112685513928227,0.902188626656245,0.869686890455875
"SPO-SPSG-SRF-20-180-00_bin-100","Heterotroph",109,0.000499485474650888,0.000475222259651785,0.261130553343859,0.638960922183464
"NPO-all-DCM-0-8-5-00_bin-431","Phototroph",-279,0.855480715033505,0.960739426751171,0.0636073113580164,0.00524129020086749
"SO-all-SRF-0-8-5-00_bin-43","Heterotroph",55,0.503873536524164,0.00767229660129443,0.986355967118867,0.999527692216589
"SPO-all-SRF-5-20-00_bin-55","Phototroph",-185,0.828583295717118,0.99070102367484,0.539876947249443,0.166518241055536
"IO-all-SRF-0-8-5-00_bin-243","Heterotroph",11,0.0725306168883221,0.00127936168034322,0.594207051675345,0.67412604565727
"NAO-all-SRF-0-8-5-00_bin-662","Phototroph",-373,0.924883059857269,0.972313623882797,0.254339559585561,0.0040268839575914
"RS-all-DCM-0-8-5-00_bin-46","Phototroph",-272,0.332077511487945,0.914575967502791,0.0132450485241158,0.00232571622806022
"IO-all-SRF-0-8-5-00_bin-529","Phototroph",-171,0.214068707745382,0.718038610627182,0.0738278907837904,0.0226296255429378
"IO-all-DCM-0-8-5-00_bin-230","Heterotroph",46,0.544846638687084,0.00379009791994108,0.985538101550049,0.999446576110378
"NAO-all-SRF-20-180-00_bin-6","Heterotroph",65,0.000398189135388693,0.000389514268016221,0.120879357250723,0.0708517653836795
"SAO-all-SRF-0-8-5-00_bin-297","Phototroph",-365,0.865211063407664,0.980004279870454,0.220730817150012,0.00762550835679918
"SPO-SPSG-SRF-0-8-5-00_bin-27","Phototroph",-203,0.943442129364577,0.909898586785524,0.048576985086842,0.0220131055314084
"NAO-all-SRF-0-8-5-00_bin-380","Heterotroph",33,0.496767159260479,0.0202382569309174,0.932322020947575,0.999469042283563
"SPO-all-SRF-180-2000-00_bin-214","Heterotroph",71,0.00217216007986377,0.000755200945962175,0.788330623682426,0.611347107166809
"IO-all-SRF-0-8-5-00_bin-579","Phototroph",-164,0.956413778195349,0.943203788477003,0.977111749450947,0.999388746298888
"SO-all-SRF-0-8-5-00_bin-50","Heterotroph",36,0.09972829726088,0.0027977994830797,0.865765086270873,0.958510190900682
"SAO-all-SRF-0-8-5-00_bin-538","Heterotroph",69,0.6927272489251,0.0139675191144476,0.953556070166476,0.984649469929629
"MS-all-SRF-5-20-00_bin-96","Heterotroph",99,0.00150734006707153,0.00103290906301016,0.119838006258797,0.0718788785427593
"SPO-all-DCM-0-8-5-00_bin-542","Phototroph",-126,0.0675402604104385,0.0822270042649231,0.316390342097547,0.620726486536981
"MS-all-DCM-5-20-00_bin-19","Heterotroph",91,0.0020574970359854,0.000908470922727235,0.253510192765574,0.120630001678672
"SAO-all-DCM-0-8-5-00_bin-388","Heterotroph",73,0.683704276577722,0.00494442986002681,0.986862336034507,0.999861562676966
"SPO-all-SRF-0-8-5-00_bin-226","Phototroph",-124,0.811381470915377,0.940121037790511,0.892288407113873,0.983482266558245
"IO-all-SRF-0-8-5-00_bin-174","Phototroph",-144,0.681015264784527,0.619718697157835,0.903182254962819,0.898903999381629
"SPO-CHIL-SRF-20-180-00_bin-16","Heterotroph",47,0.00185922101808437,0.00110765601354791,0.135430001132369,0.0297924833637541
"SPO-all-SRF-20-180-00_bin-110","Heterotroph",100,0.000922706359851157,0.000752622966484322,0.254527916837778,0.193973243418656
"SPO-SPSG-DCM-0-8-5-00_bin-88","Phototroph",-172,0.823345513230117,0.980261183171126,0.68617866796182,0.334996518136093
"SPO-all-SRF-0-8-5-00_bin-906","Phototroph",-245,0.97986600326222,0.997704022611894,0.437293240942605,0.453520168467861
"NAO-all-SRF-0-8-5-00_bin-320","Phototroph",-272,0.972451801687967,0.999255350477154,0.0239780936704181,0.0124221800032559
"SAO-all-SRF-0-8-5-00_bin-241","Heterotroph",80,0.445376314341633,0.00286699195678201,0.986382711886718,0.9997869693668
"SAO-all-DCM-0-8-5-00_bin-322","Heterotroph",52,0.933339670884638,0.071149713471078,0.953270740576864,0.999989679189578
"SAO-all-DCM-0-8-5-00_bin-540","Phototroph",-276,0.969530365395606,0.996817256469192,0.316310489030771,0.609575540904515
"SPO-SPSG-SRF-0-8-5-00_bin-673","Phototroph",-256,0.978925085766588,0.998962648753368,0.670250825856855,0.711011028860211
"SAO-all-DCM-20-180-00_bin-11","Heterotroph",124,0.00864531909961448,0.000645135406901984,0.337375600587608,0.699558850712011
"IO-all-SRF-0-8-5-00_bin-341","Phototroph",-169,0.455158371222975,0.700056710371172,0.0821351832314111,0.0222187247996106
"SPO-all-SRF-180-2000-00_bin-17","Heterotroph",110,0.00246226813727504,0.0010673620968706,0.179033929374667,0.108698526474194
"NAO-all-DCM-0-8-5-00_bin-110","Phototroph",-329,0.969682466088379,0.996765810421947,0.0781339976761484,0.0247637663272363
"SAO-all-DCM-0-8-5-00_bin-594","Phototroph",-178,0.940838835037909,0.967301202727938,0.434171040150661,0.995032823858881
"MS-all-SRF-0-8-5-00_bin-161","Phototroph",-135,0.444951146972619,0.333338842755193,0.149415221954267,0.711540201034493
"NPO-all-SRF-0-8-5-00_bin-105","Phototroph",-145,0.601724781037332,0.706882946879391,0.096016871723321,0.238847909058829
"NAO-all-SRF-5-20-00_bin-3","Heterotroph",75,0.00085130668404588,0.000612328571170882,0.0665147973106441,0.018648601336501
"SPO-all-SRF-20-180-00_bin-120","Heterotroph",113,0.000386524486775602,0.000641843482138122,0.776940600353094,0.532173897420717
"NAO-all-DCM-20-180-00_bin-23","Heterotroph",68,0.00421803374710088,0.00102477543321051,0.0338752450745378,0.10658357981991
"NAO-all-SRF-0-8-5-00_bin-23","Phototroph",-88,0.058187128350138,0.00823769364839565,0.465395342500003,0.667521292925657
"SPO-all-SRF-0-8-5-00_bin-825","Phototroph",-254,0.836946566084131,0.94920732295946,0.157645154430496,0.0077760269881672
"IO-all-DCM-0-8-5-00_bin-323","Phototroph",-280,0.985876358776714,0.999594224892881,0.620620849680263,0.809696155165249
"MS-all-SRF-20-180-00_bin-24","Heterotroph",123,0.00490421253826041,0.00150149329778653,0.343259488602092,0.836526820557467
"NAO-all-DCM-0-8-5-00_bin-34","Phototroph",-96,0.273054168988549,0.0939029909589772,0.710979439119882,0.641963760537934
"IO-all-DCM-0-8-5-00_bin-111","Phototroph",-137,0.801503227968867,0.715404745272559,0.477995408502095,0.928948931925427
"NAO-all-SRF-0-8-5-00_bin-152","Heterotroph",30,0.110883657295543,0.00790108695022197,0.967285384253818,0.992672273077182
"NPO-all-MES-0-8-5-00_bin-101","Heterotroph",10,0.00434005657705836,0.000528936929489275,0.324402726911182,0.0324368694075528
"MS-all-DCM-180-2000-00_bin-37","Heterotroph",142,0.00475025883563699,0.00197496285037585,0.348521604574602,0.821739152423448
"NAO-all-MIX-0-8-5-00_bin-279","Heterotroph",2,0.0728352885221727,0.00158588553204572,0.583588525565124,0.982627342557591
"NAO-all-SRF-0-8-5-00_bin-17","Heterotroph",107,0.044229384348443,0.00558180132628322,0.956026745908255,0.999903267294872
"IO-all-SRF-0-8-5-00_bin-548","Phototroph",-192,0.735881208032469,0.863612656717403,0.456539443643835,0.892182546235218
"SAO-all-DCM-0-8-5-00_bin-517","Phototroph",-171,0.843515195339812,0.973186339483371,0.626197151581906,0.24398418511674
"SAO-all-DCM-0-8-5-00_bin-218","Phototroph",-294,0.915339164685344,0.985029872949845,0.0418451521524723,0.0110110469202045
"NPO-all-SRF-0-8-5-00_bin-306","Phototroph",-219,0.968249831916072,0.992532950282735,0.0979123695561944,0.0866917785393363
"IO-all-DCM-20-180-00_bin-66","Heterotroph",62,0.000303849192817514,0.000336844689460992,0.259929011658036,0.303141743709607
"SPO-all-SRF-0-8-5-00_bin-25","Phototroph",-208,0.792228767896464,0.947879631192238,0.021741389341743,0.0481722491110251
"SAO-all-DCM-0-8-5-00_bin-431","Phototroph",-124,0.878504997432947,0.802981850114027,0.910206288362388,0.915916680605314
"SAO-all-SRF-0-8-5-00_bin-592","Phototroph",-101,0.412429869750274,0.565085696003492,0.290573413024131,0.860738162473678
"SPO-PEOD-DCM-0-8-5-00_bin-80","Phototroph",-344,0.958186927243784,0.998097601398976,0.0766899246607215,0.00919066940522446
"NAO-all-DCM-0-8-5-00_bin-69","Phototroph",-325,0.817736059727616,0.969360254097703,0.159059395102966,0.00672853659733412
"NPO-all-SRF-180-2000-00_bin-18","Heterotroph",224,0.00536913440917924,0.00166947226756415,0.547285536855368,0.979310904947169
"SAO-all-DCM-0-8-5-00_bin-181","Phototroph",-177,0.889977811477019,0.952569156113423,0.977435310140413,0.999573945516257
"NAO-all-SRF-0-8-5-00_bin-273","Heterotroph",84,0.645190340432717,0.00437170675377116,0.982385214265587,0.999802562567731
"NAO-all-SRF-0-8-5-00_bin-507","Phototroph",-305,0.979328005508261,0.998924557265826,0.118417706327399,0.016650512884762
"SPO-CHIL-SRF-0-8-5-00_bin-122","Phototroph",-297,0.963781532254276,0.993620114370403,0.0177068739370614,0.008915179447825
"NPO-all-SRF-0-8-5-00_bin-209","Heterotroph",60,0.164723252274894,0.000512461534561968,0.724443995630015,0.945413269101196
"SPO-all-SRF-0-8-5-00_bin-508","Phototroph",-169,0.757142640866263,0.710970251927392,0.510154572253477,0.0426694985487837
"SPO-SPSG-DCM-0-8-5-00_bin-172","Phototroph",-238,0.967962767233804,0.998921264367134,0.778833363186129,0.807473531792319
"SPO-all-SRF-20-180-00_bin-202","Heterotroph",125,0.00190518367750745,0.00121451149546333,0.192171265746879,0.471108863879103
"MS-all-SRF-0-8-5-00_bin-226","Phototroph",-230,0.867149621257132,0.987177267383063,0.0971057715288127,0.00291193183752282
"NAO-all-MES-0-8-5-00_bin-73","Heterotroph",77,0.963833904923968,0.0022479747343947,0.0178633534449855,0.000967779339910533
"MS-all-SRF-5-20-00_bin-93","Heterotroph",176,0.00539701572226946,0.00188222317464636,0.44139317681447,0.96955780271911
"NPO-all-DCM-20-180-00_bin-49","Heterotroph",195,0.0229658634703727,0.00144021684794636,0.372434831175425,0.922370040656354
"SPO-SPSG-DCM-20-180-00_bin-1","Heterotroph",104,0.00178484731323116,0.000933195559644886,0.135982933586422,0.129715425778357
"SAO-all-DCM-0-8-5-00_bin-418","Heterotroph",19,0.101867075700577,0.00521348396267728,0.766816189515149,0.771047206049999
"NAO-all-SRF-0-8-5-00_bin-499","Phototroph",-220,0.90875712585656,0.993640663940903,0.57470820805495,0.805536106993841
"SPO-SPSG-SRF-0-8-5-00_bin-560","Phototroph",-156,0.60633728168553,0.703146694740545,0.391487905684893,0.0166133772196454
"SPO-SPSG-DCM-5-20-00_bin-40","Phototroph",-236,0.962671899316414,0.996500126045255,0.400817853364463,0.34266443469761
"SPO-all-SRF-0-8-5-00_bin-880","Phototroph",-138,0.852429868366065,0.977714977066153,0.970252673406976,0.990645626158084
"SO-all-SRF-0-8-5-00_bin-97","Heterotroph",36,0.413675622769443,0.00678135723685968,0.973460790300204,0.997642908367866
"SPO-SPSG-SRF-180-2000-00_bin-205","Heterotroph",295,0.0161503763300346,0.00465978922821821,0.612964436884199,0.999419978616967
"SPO-SPSG-SRF-0-8-5-00_bin-290","Phototroph",-149,0.420126398378663,0.600302819802169,0.320016641254389,0.93546613703557
"SPO-SPSG-MES-0-8-5-00_bin-179","Heterotroph",90,0.984724494480979,0.00303520945179537,0.013096889430301,0.00493967892463598
"SAO-all-DCM-0-8-5-00_bin-2","Phototroph",-288,0.967807236675319,0.999640836208742,0.178325284749336,0.0120225820870284
"NAO-all-MIX-20-180-00_bin-35","Heterotroph",75,0.000711755875163868,0.000990559514004079,0.0569201854965303,0.0331774783157364
"SO-all-SRF-0-8-5-00_bin-39","Phototroph",-239,0.750332934912156,0.998405291270063,0.117357679630715,0.00597551735999962
"NAO-all-SRF-20-180-00_bin-42","Heterotroph",195,0.0070407308703234,0.00258497214975829,0.337409016498285,0.978511672844561
"IO-all-SRF-20-180-00_bin-36","Heterotroph",199,0.00885155878070449,0.00235613669759923,0.292595680006115,0.840715832146662
"SPO-CHIL-SRF-0-8-5-00_bin-249","Phototroph",-349,0.971485779463336,0.999236165733525,0.0680743666349357,0.0356072105943238
"MS-all-SRF-0-8-5-00_bin-125","Phototroph",-204,0.914772611626195,0.975327794621846,0.409196600596925,0.299643196890552
"IO-all-SRF-0-8-5-00_bin-348","Heterotroph",97,0.950251759353077,0.0128047014689003,0.971197170207043,0.999916967013835
"NAO-all-MIX-0-8-5-00_bin-204","Phototroph",-171,0.813902620991404,0.842815038651259,0.261103630144405,0.9025788737668
"MS-all-SRF-0-8-5-00_bin-298","Phototroph",-245,0.983630519954472,0.996391953494802,0.137860847215031,0.0734973518613919
"SPO-all-SRF-0-8-5-00_bin-499","Heterotroph",83,0.868574448430546,0.0112756185907151,0.988196948397809,0.999889328210666
"SPO-all-SRF-20-180-00_bin-23","Heterotroph",130,0.00117692107404469,0.00123815733636581,0.302139388349635,0.505564797680717
"IO-all-SRF-180-2000-00_bin-44","Phototroph",-277,0.983888251195244,0.998911055150896,0.0555369188693652,0.000964862942810855
"NAO-all-SRF-0-8-5-00_bin-300","Phototroph",-114,0.800427745432098,0.579342199173197,0.897210058084957,0.985596868241698
"NPO-all-DCM-5-20-00_bin-42","Phototroph",-197,0.911780664731679,0.993691789306861,0.34212374710062,0.234870935445721
"NPO-all-MES-0-8-5-00_bin-198","Heterotroph",97,0.989473439051547,0.00353652341033712,0.0176487287907089,0.00514571644668945
"NAO-all-MIX-0-8-5-00_bin-34","Phototroph",-303,0.962829482101417,0.996983777047609,0.0259861413395128,0.00393569539917411
"IO-all-SRF-180-2000-00_bin-58","Heterotroph",101,0.00176926502353066,0.00110935504582762,0.18121607478813,0.452670300382768
"SPO-all-SRF-0-8-5-00_bin-505","Phototroph",-95,0.342045097704792,0.0680172604150403,0.327737110842405,0.822853697824307
"SAO-all-DCM-0-8-5-00_bin-481","Heterotroph",66,0.834294024723875,0.0344863625614729,0.964613842501081,0.999696364285655
"NAO-all-DCM-20-180-00_bin-2","Heterotroph",66,0.000689883561569355,0.000673945871100389,0.0734495504237725,0.053069491164839
"NPO-all-SRF-0-8-5-00_bin-556","Phototroph",-307,0.96604170699027,0.954418590677381,0.0723115216715776,0.0155652593151568
"NPO-all-SRF-0-8-5-00_bin-455","Heterotroph",69,0.839432283731791,0.0190667445838851,0.98547063312446,0.999887922485586
"IO-all-SRF-0-8-5-00_bin-402","Heterotroph",12,0.0102867139077159,0.00420360530326805,0.724918563918591,0.984935892562274
"MS-all-SRF-0-8-5-00_bin-310","Phototroph",-152,0.827483839113323,0.627266143866001,0.967992674025253,0.978820051798213
"RS-all-SRF-0-8-5-00_bin-83","Phototroph",-251,0.876379871718558,0.998107318734615,0.117725218617187,0.00907329182519084
"NAO-all-MIX-20-180-00_bin-28","Heterotroph",87,0.00150156267537485,0.00122124569390521,0.16250407970374,0.773601014352129
"MS-all-DCM-0-8-5-00_bin-323","Phototroph",-254,0.858315857372611,0.998719590961158,0.200410197275765,0.0110444896486018
"NPO-all-DCM-0-8-5-00_bin-237","Phototroph",-250,0.96206418726861,0.998767299339204,0.670250825856855,0.741844252621544
"SO-all-DCM-0-8-5-00_bin-36","Heterotroph",56,0.323271841544844,0.00511534772248138,0.856256706868161,0.984514547298626
"NAO-all-MIX-0-8-5-00_bin-193","Phototroph",-309,0.367913787337539,0.843402241493143,0.0887909288834008,0.00122897048892103
"NAO-all-MIX-0-8-5-00_bin-168","Heterotroph",43,0.1116968802274,0.00347421642861471,0.833340859508079,0.996510384375694
"NAO-all-SRF-0-8-5-00_bin-683","Heterotroph",58,0.863084317420381,0.0108852023666152,0.954077501395911,0.997791407843135
"NPO-all-SRF-0-8-5-00_bin-284","Heterotroph",111,0.0521937363986547,0.0025440128720344,0.963914478690455,0.999794508141383
"SPO-PEOD-MES-0-8-5-00_bin-1","Heterotroph",82,0.958281539834368,0.00376614444875163,0.00860451756287988,0.00441460146333518
"MS-all-SRF-0-8-5-00_bin-123","Phototroph",-339,0.95512548153599,0.997874793780053,0.0680743666349357,0.0353492666718067
"SPO-SPSG-SRF-0-8-5-00_bin-234","Phototroph",-205,0.95410541522675,0.970135962028571,0.113866917201309,0.0703282061418145
"MS-all-DCM-0-8-5-00_bin-224","Heterotroph",69,0.924272959239732,0.0218954027857023,0.965024607690237,0.999816280864484
"RS-all-SRF-20-180-00_bin-27","Heterotroph",149,0.00124723677571627,0.00185226367725031,0.313848830490024,0.842668009714339
"NAO-all-MIX-0-8-5-00_bin-170","Heterotroph",84,0.886610090691112,0.0249738329192601,0.978846251942673,0.999960554926722
"MS-all-SRF-20-180-00_bin-44","Heterotroph",101,0.00132811774752783,0.000523245725150744,0.108195341074856,0.292316127863916
"SAO-all-SRF-20-180-00_bin-40","Heterotroph",173,0.019341570176559,0.00189469101740689,0.453422224778122,0.563411562891272
"IO-all-DCM-0-8-5-00_bin-120","Phototroph",-292,0.918576613739512,0.9992491798123,0.131142394214306,0.0151780794490067
"MS-all-DCM-20-180-00_bin-25","Heterotroph",141,0.00199589020970734,0.000799801074174038,0.405679983405573,0.313263060709539
"SPO-all-SRF-180-2000-00_bin-279","Phototroph",-329,0.908300219919681,0.979167767545378,0.257838458453338,0.0488413511966431
"RS-all-SRF-180-2000-00_bin-9","Heterotroph",51,0.000410222820930152,0.000542934797876844,0.0607121270980389,0.0482845268862855
"IO-all-SRF-20-180-00_bin-73","Heterotroph",113,0.00339923568671434,0.00170303728526985,0.122412356051226,0.400046149120058
"NPO-all-SRF-0-8-5-00_bin-15","Phototroph",-128,0.13953041936671,0.0387893565329027,0.218768648384096,0.217025024312886
"RS-all-SRF-0-8-5-00_bin-55","Phototroph",-203,0.695074479331306,0.536332147931733,0.282578519116369,0.53430018452161
"IO-all-DCM-20-180-00_bin-54","Heterotroph",205,0.0205992883613329,0.00180137353394373,0.427467075758383,0.95559854070014
"SAO-all-DCM-0-8-5-00_bin-536","Phototroph",-213,0.904365692004037,0.986640258050065,0.624474766363908,0.902787519278181
"SPO-CHIL-SRF-0-8-5-00_bin-134","Phototroph",-239,0.628678214783286,0.740203144909613,0.173771346094392,0.00839713827998335
"SPO-SPSG-DCM-0-8-5-00_bin-150","Phototroph",-160,0.429776069610299,0.785117676325847,0.365541649806459,0.0260388860585037
"SPO-all-SRF-0-8-5-00_bin-986","Phototroph",-208,0.941976830930645,0.869264313247178,0.0473335076779446,0.0188187768938182
"IO-all-DCM-0-8-5-00_bin-325","Heterotroph",19,0.00651648660431223,0.000948272359030706,0.107929044977748,0.360702368325775
"SAO-all-DCM-0-8-5-00_bin-343","Phototroph",-340,0.98322340066364,0.999009271643116,0.0660095166801542,0.0195522361033086
"SPO-PEOD-DCM-0-8-5-00_bin-54","Heterotroph",77,0.26075415446738,0.00301058407957732,0.949291441322319,0.531718646016776
"SPO-CHIL-SRF-180-2000-00_bin-57","Heterotroph",56,0.00108217326306452,0.000867135754263246,0.766056866804757,0.556080280532771
"SPO-PEOD-SRF-20-180-00_bin-32","Heterotroph",182,0.0211442423097845,0.00111467896816654,0.372217905900369,0.830570284884802
"MS-all-SRF-20-180-00_bin-6","Heterotroph",59,0.000644500067559356,0.00078539778536597,0.15619756156521,0.0551241126696944
"IO-all-SRF-0-8-5-00_bin-126","Phototroph",-181,0.960643068517014,0.936374884085491,0.966404073859493,0.999306050108549
"SPO-SPSG-SRF-0-8-5-00_bin-642","Heterotroph",38,0.0718400925824604,0.00100393176779975,0.426556636516918,0.898354910270979
"NAO-all-MIX-0-8-5-00_bin-276","Heterotroph",100,0.0837786648101966,0.00326502270384576,0.963590742113052,0.999888147942317
"SAO-all-SRF-0-8-5-00_bin-583","Phototroph",-113,0.0835619770709726,0.0601251540465706,0.562475997761682,0.962737708341019
"NPO-all-SRF-20-180-00_bin-86","Heterotroph",171,0.0044641759335847,0.00236681887458305,0.204293406964649,0.893815102314426
"SPO-all-DCM-0-8-5-00_bin-127","Phototroph",-337,0.93976555863057,0.996298794120829,0.0281657777075925,0.0105487910392361
"SAO-all-DCM-0-8-5-00_bin-409","Phototroph",-294,0.987098783641724,0.999711550109722,0.0477813637458611,0.0499759513069225
"MS-all-SRF-0-8-5-00_bin-251","Phototroph",-137,0.393304522698263,0.433173726667283,0.117235209150535,0.35251784700004
"IO-all-FSW-0-8-5-00_bin-88","Phototroph",-268,0.982572739032579,0.998927263895339,0.645002010627074,0.843703372064159
"NPO-all-DCM-0-8-5-00_bin-390","Heterotroph",63,0.982791856518801,0.00298030821732313,0.00577979850350313,0.000401318439551427
"NPO-all-SRF-0-8-5-00_bin-32","Heterotroph",60,0.52938706738628,0.00244930643215849,0.912753903007807,0.977982556440234
"SPO-all-SRF-5-20-00_bin-111","Phototroph",-260,0.972239093385776,0.99945720604162,0.624959410642198,0.790639250573203
"SO-all-DCM-0-8-5-00_bin-52","Phototroph",-233,0.0760573615154865,0.147722697871719,0.0152281323015614,0.000314637063605141
"IO-all-SRF-0-8-5-00_bin-80","Phototroph",-179,0.957025224127001,0.907476528637123,0.586706771629607,0.999302139296968
"SAO-all-SRF-20-180-00_bin-46","Phototroph",-121,0.215724611301438,0.38230211882111,0.633758969248606,0.484296395314007
"SPO-all-SRF-180-2000-00_bin-28","Phototroph",-147,0.0956978970075807,0.398700427379219,0.00358280869749713,0.000381788821540654
"IO-all-DCM-0-8-5-00_bin-104","Phototroph",-135,0.624831132091528,0.535923134979328,0.757003614627494,0.933731786490971
"SPO-SPSG-SRF-20-180-00_bin-59","Heterotroph",195,0.001797643886624,0.00150662765503511,0.237090085050999,0.831870087982814
"SAO-all-SRF-0-8-5-00_bin-59","Heterotroph",80,0.925588136613215,0.00983568650799799,0.983580699237406,0.999925563637948
"SPO-all-SRF-5-20-00_bin-108","Phototroph",-239,0.960615086282874,0.999165348450934,0.813402722148569,0.598098316444561
"MS-all-SRF-0-8-5-00_bin-542","Phototroph",-202,0.893815291439383,0.847357969612068,0.471051308174211,0.882152827654403
"SPO-PEOD-SRF-0-8-5-00_bin-91","Phototroph",-277,0.983178252078998,0.999128153197799,0.663405542505536,0.831284832019116
"RS-all-SRF-0-8-5-00_bin-105","Phototroph",-263,0.982045019790989,0.996469165906331,0.670250825856855,0.722786330829965
"SPO-CHIL-SRF-0-8-5-00_bin-39","Phototroph",-353,0.971193100200142,0.9996421076427,0.0408214841718182,0.00448077367329376
"NAO-all-SRF-5-20-00_bin-26","Heterotroph",65,0.00496931691434901,0.00146274129256014,0.102488135841598,0.502451719742655
"NPO-all-SRF-20-180-00_bin-73","Phototroph",-216,0.923846773009673,0.952292800609857,0.662776743053179,0.619521810798834
"MS-all-DCM-0-8-5-00_bin-320","Phototroph",-297,0.893029084639621,0.995114492379495,0.0278018119126472,0.0189067989160303
"IO-all-DCM-20-180-00_bin-84","Phototroph",-276,0.983667078670051,0.999000293772127,0.100046778835284,0.00112943119219779
"NAO-all-MIX-0-8-5-00_bin-124","Phototroph",-93,0.719910716303027,0.740250275950426,0.603965145369987,0.813893692604702
"NAO-all-MIX-0-8-5-00_bin-258","Heterotroph",67,0.480799802878053,0.0261650646829959,0.837076263608396,0.999561821846283
"IO-all-SRF-0-8-5-00_bin-21","Phototroph",-149,0.576297407944993,0.788995859577662,0.0591546533572756,0.0119159725092982
"SO-all-SRF-0-8-5-00_bin-63","Phototroph",-350,0.87703114350182,0.835861324977363,0.0404703395972514,0.000694671516650406
"NPO-all-SRF-5-20-00_bin-9","Phototroph",-230,0.883183831001057,0.995496244765787,0.632926701570901,0.134160586158786
"SPO-SPSG-SRF-0-8-5-00_bin-207","Heterotroph",52,0.170356027756783,0.00135506517100277,0.926466042458994,0.991243525332645
"MS-all-SRF-20-180-00_bin-58","Heterotroph",168,0.00385112030998612,0.00103767919469432,0.346471222437414,0.940552221024523
"MS-all-SRF-0-8-5-00_bin-263","Phototroph",-301,0.904818879309338,0.99057722648345,0.0244905212403759,0.0109783424143941
"SPO-all-SRF-0-8-5-00_bin-633","Phototroph",-206,0.941292272370752,0.993955381442938,0.089539755722283,0.0817449281425413
"NPO-all-DCM-0-8-5-00_bin-298","Phototroph",-165,0.88981740619237,0.761783117000094,0.114432796888262,0.033119104952032
"SPO-PEOD-SRF-20-180-00_bin-12","Heterotroph",142,0.00141100222332163,0.000734320420025162,0.293202610947845,0.448412215899048
"SPO-all-SRF-180-2000-00_bin-318","Heterotroph",42,0.0010572571635053,0.00127893013781193,0.0370641728165221,0.00617825057467119
"IO-all-DCM-0-8-5-00_bin-351","Heterotroph",19,0.140801679848493,0.00255337231404484,0.75940005983814,0.974929561839407
"RS-all-SRF-0-8-5-00_bin-39","Phototroph",-370,0.980171783863782,0.999513981063342,0.0804346018795909,0.0296389879758213
"SPO-all-SRF-0-8-5-00_bin-502","Phototroph",-255,0.984159593861255,0.997806143177426,0.781758448200916,0.842174450025311
"MS-all-DCM-180-2000-00_bin-45","Heterotroph",209,0.00951360261158749,0.00313201191112776,0.475908618247387,0.98277353974747
"SAO-all-SRF-20-180-00_bin-36","Heterotroph",103,0.00610692692146556,0.000621680356854737,0.295596305120755,0.639661410112772
"SPO-SPSG-SRF-0-8-5-00_bin-329","Phototroph",-127,0.472313533609393,0.914374195934008,0.704394074852379,0.986052906804865
"SPO-SPSG-SRF-20-180-00_bin-164","Heterotroph",163,0.00437515029186345,0.00254090477290188,0.331913298817281,0.891752421752027
"MS-all-DCM-0-8-5-00_bin-366","Phototroph",-166,0.828133338762936,0.830285633092825,0.804308388920781,0.973292737733905
"SPO-SPSG-SRF-20-180-00_bin-80","Heterotroph",110,0.0017130786384002,0.000858051589920605,0.480945867490457,0.26948837385613
"SPO-all-SRF-0-8-5-00_bin-341","Phototroph",-155,0.975197001239351,0.978123293940945,0.763752677044782,0.99529774437207
"SAO-all-SRF-0-8-5-00_bin-284","Phototroph",-273,0.985865896143086,0.999598413801789,0.670250825856855,0.844780647460865
"MS-all-SRF-20-180-00_bin-65","Heterotroph",141,0.000952850097136407,0.000972524722489656,0.392650196025522,0.229905193651654
"NAO-all-DCM-0-8-5-00_bin-77","Heterotroph",91,0.992327693742854,0.00325033114689569,0.0235697480881928,0.00716465070510866
"NPO-all-SRF-0-8-5-00_bin-530","Phototroph",-306,0.852854336150864,0.934970575034352,0.195590697414234,0.00629214881246394
"IO-all-SRF-180-2000-00_bin-7","Heterotroph",286,0.017123081562223,0.00229427296322105,0.556330188418625,0.997983042839921
"NPO-all-SRF-5-20-00_bin-20","Phototroph",-164,0.391756443951329,0.480355811834363,0.469504604085607,0.0556087169570991
"NAO-all-SRF-0-8-5-00_bin-366","Phototroph",-194,0.267165934336103,0.954619131829573,0.0379850963082263,0.00296426792752134
"RS-all-DCM-20-180-00_bin-3","Heterotroph",183,0.00370213505054405,0.00209473432466575,0.658109087231434,0.768097161730407
"NAO-all-DCM-0-8-5-00_bin-171","Phototroph",-264,0.959332301450512,0.999080821379501,0.131142394214306,0.0121003988304558
"SPO-SPSG-SRF-0-8-5-00_bin-82","Phototroph",-210,0.84876293711213,0.963974689834419,0.0307875741247196,0.0364899124053298
"NPO-all-DCM-0-8-5-00_bin-310","Phototroph",-173,0.703643569767255,0.316384635386762,0.19823479762129,0.786998966083909
"NAO-all-SRF-0-8-5-00_bin-230","Phototroph",-334,0.822389060848836,0.978266879605137,0.232093031245974,0.00939110536139437
"SPO-SPSG-SRF-0-8-5-00_bin-565","Heterotroph",36,0.0165525302723766,0.000592226618795788,0.568348713400781,0.707884537122252
"MS-all-DCM-0-8-5-00_bin-636","Phototroph",-314,0.85775016807862,0.948878495292242,0.0470214032372531,0.00779979356172885
"SPO-SPSG-SRF-180-2000-00_bin-82","Phototroph",-143,0.072772284550022,0.328300305059289,0.00358280869749713,0.000296914541570535
"SPO-all-SRF-20-180-00_bin-243","Heterotroph",103,0.00145638059798979,0.0014651284936208,0.155066549159417,0.0913931804908116
"SPO-SPSG-SRF-180-2000-00_bin-131","Heterotroph",41,0.00194107069485817,0.00052602894500634,0.032221563346867,0.00666244593019231
"SAO-all-DCM-0-8-5-00_bin-564","Phototroph",-358,0.971171176483633,0.999207284121081,0.0877411505538396,0.0398697052255516
"SAO-all-SRF-0-8-5-00_bin-49","Phototroph",-161,0.936595238815929,0.939559921496697,0.940696362892315,0.996821592231644
"MS-all-SRF-20-180-00_bin-70","Heterotroph",87,0.00480319680411055,0.00276533479403248,0.0803625116699721,0.325089509914243
"MS-all-DCM-20-180-00_bin-15","Heterotroph",116,0.00244255728470442,0.00186084071760131,0.237206905117832,0.0877604761780896
"MS-all-DCM-20-180-00_bin-38","Phototroph",-215,0.210468913265137,0.155725645218074,0.0499447366103194,0.000948643955310354
"MS-all-SRF-180-2000-00_bin-8","Heterotroph",193,0.00371139034339273,0.00239501286169528,0.467404464042545,0.80776231554075
"MS-all-SRF-20-180-00_bin-12","Heterotroph",131,0.0108865258580618,0.000786892316940979,0.128925409276193,0.123197860005338
"SPO-all-SRF-0-8-5-00_bin-849","Heterotroph",52,0.0974628064416826,0.000649841432055219,0.617667374054543,0.898098103022011
"SAO-all-SRF-0-8-5-00_bin-325","Phototroph",-153,0.913139293067427,0.975241459679344,0.914174489643149,0.990618414137755
"NAO-all-DCM-5-20-00_bin-6","Heterotroph",67,0.00023380634516065,0.000753585902877572,0.0778518657543389,0.00674704703123637
"NAO-all-MIX-0-8-5-00_bin-144","Phototroph",-140,0.566581865539221,0.626139126465051,0.492661014671844,0.953697413555428
